"Klucz","RodzajDok","IdUzytk","DataCzasZapisu","NrWersjiNg","IdSesjiDb","MagazynZrodl","MagazynDocel","Status","NrWersji"
"127","1","30","2011-01-14 11:52:34.59877","1","2444","\N","1","10","2"
"137","1","30","2011-02-08 15:03:38.996766","1","2446","\N","1","10","2"
"128","1","30","2011-01-14 12:15:37.215324","1","2444","\N","1","10","2"
"125","1","30","2010-10-28 15:19:08.900672","1","2441","\N","1","10","2"
"148","1","30","2011-02-09 11:10:23.911674","1","2448","\N","1","10","2"
"126","1","30","2010-10-28 15:21:43.379434","1","2441","\N","1","10","2"
"129","1","30","2011-01-14 12:22:10.701747","1","2444","\N","1","10","2"
"138","1","30","2011-02-08 15:05:25.792059","1","2446","\N","1","10","2"
"130","1","30","2011-01-14 12:26:47.950463","1","2444","\N","1","10","2"
"159","1","30","2011-03-25 13:29:51.095652","1","2452","\N","1","10","2"
"131","1","30","2011-01-14 12:30:23.197317","1","2444","\N","1","10","2"
"139","1","30","2011-02-08 15:05:45.013356","1","2446","\N","1","10","2"
"132","1","30","2011-01-14 12:34:25.350713","1","2444","\N","1","10","2"
"149","1","30","2011-02-09 11:10:44.093888","1","2448","\N","1","10","2"
"133","1","30","2011-01-14 12:43:29.585054","1","2444","\N","1","10","2"
"140","1","30","2011-02-08 15:05:59.761082","1","2446","\N","1","10","2"
"134","1","30","2011-01-14 13:01:35.841787","1","2444","\N","1","10","2"
"177","1","30","2011-04-08 13:42:42.233514","1","2461","\N","1","10","2"
"135","1","30","2011-01-14 13:17:20.899848","1","2444","\N","1","10","2"
"141","1","30","2011-02-08 15:06:14.997959","1","2446","\N","1","10","2"
"136","1","30","2011-01-14 13:21:23.994204","1","2444","\N","1","10","2"
"150","1","30","2011-02-09 11:10:56.256255","1","2448","\N","1","10","2"
"142","1","30","2011-02-08 15:06:28.459319","1","2446","\N","1","10","2"
"160","1","30","2011-03-25 13:32:23.102494","1","2452","\N","1","10","2"
"143","1","30","2011-02-08 15:06:40.528407","1","2446","\N","1","10","2"
"151","1","30","2011-02-09 11:11:14.804196","1","2448","\N","1","10","2"
"144","1","30","2011-02-08 15:06:42.121258","1","2446","\N","1","10","2"
"179","1","30","2011-04-18 10:10:39.970654","1","2462","\N","1","10","2"
"145","1","30","2011-02-08 15:07:08.774126","1","2446","\N","1","10","2"
"152","1","30","2011-02-09 11:11:30.584977","1","2448","\N","1","10","2"
"146","1","30","2011-02-08 15:07:19.7937","1","2446","\N","1","10","2"
"161","1","30","2011-03-25 13:33:57.46205","1","2452","\N","1","10","2"
"147","1","30","2011-02-08 15:07:45.965099","1","2446","\N","1","10","2"
"153","1","30","2011-02-09 11:11:43.087788","1","2448","\N","1","10","2"
"178","1","30","2011-04-08 14:04:40.441525","1","2461","\N","1","10","2"
"154","1","30","2011-02-09 11:11:53.267591","1","2448","\N","1","10","2"
"162","1","30","2011-03-25 13:38:04.950482","1","2452","\N","1","10","2"
"155","1","30","2011-02-09 11:12:13.369106","1","2448","\N","1","10","2"
"203","1","57","2011-04-19 16:22:48.919345","1","2492","\N","1","10","2"
"156","1","30","2011-02-09 11:12:36.312006","1","2448","\N","1","10","2"
"163","1","30","2011-03-25 13:40:01.267282","1","2452","\N","1","10","2"
"157","1","30","2011-02-09 11:12:47.256834","1","2448","\N","1","10","2"
"180","1","30","2011-04-18 11:02:39.881202","1","2469","\N","1","10","2"
"158","1","30","2011-02-09 11:13:00.087653","1","2448","\N","1","10","2"
"164","1","30","2011-03-25 13:43:15.619433","1","2452","\N","1","10","2"
"207","1","30","2011-06-13 10:27:07.455907","1","2502","\N","1","10","2"
"165","1","30","2011-03-25 13:46:49.675179","1","2452","\N","1","10","2"
"181","1","30","2011-04-18 11:40:10.473916","1","2469","\N","1","10","2"
"166","1","30","2011-03-25 13:49:41.475289","1","2452","\N","1","10","2"
"204","1","57","2011-04-19 16:26:06.922759","1","2492","\N","1","10","2"
"167","1","30","2011-03-25 13:52:15.308996","1","2452","\N","1","10","2"
"182","1","30","2011-04-18 11:40:27.134099","1","2469","\N","1","10","2"
"168","1","30","2011-03-25 13:54:38.371988","1","2452","\N","1","10","2"
"210","1","30","2011-06-16 14:11:39.533905","1","2504","\N","1","10","2"
"169","1","30","2011-03-25 13:56:56.756668","1","2452","\N","1","10","2"
"183","1","30","2011-04-18 11:40:34.124891","1","2469","\N","1","10","2"
"170","1","30","2011-03-25 13:59:28.518509","1","2452","\N","1","10","2"
"205","1","57","2011-04-19 16:30:04.961639","1","2492","\N","1","10","2"
"171","1","30","2011-03-25 14:01:59.645596","1","2452","\N","1","10","2"
"184","1","30","2011-04-18 11:40:43.618601","1","2469","\N","1","10","2"
"172","1","30","2011-03-25 14:03:54.73838","1","2452","\N","1","10","2"
"208","1","30","2011-06-13 11:43:45.761812","1","2503","\N","1","10","2"
"173","1","30","2011-03-25 14:07:07.240617","1","2452","\N","1","10","2"
"185","1","30","2011-04-18 11:41:49.883309","1","2469","\N","1","10","2"
"174","1","30","2011-03-25 14:13:21.667001","1","2452","\N","1","10","2"
"206","1","57","2011-04-19 19:01:43.463524","1","2493","\N","1","10","2"
"175","1","30","2011-03-25 14:16:03.357644","1","2452","\N","1","10","2"
"186","1","30","2011-04-18 11:41:59.025611","1","2469","\N","1","10","2"
"176","1","30","2011-03-25 14:17:43.820468","1","2452","\N","1","10","2"
"213","1","30","2011-07-07 13:22:44.901086","1","2507","\N","1","10","2"
"187","1","30","2011-04-18 11:42:11.895859","1","2469","\N","1","10","2"
"209","1","30","2011-06-13 13:48:05.486097","1","2503","\N","1","10","2"
"188","1","30","2011-04-18 12:34:32.888569","1","2469","\N","1","10","2"
"211","1","30","2011-06-16 14:11:55.387212","1","2504","\N","1","10","2"
"189","1","30","2011-04-18 12:34:58.746542","1","2469","\N","1","10","2"
"214","1","30","2011-08-11 22:50:02.373322","1","2511","\N","1","10","2"
"190","1","30","2011-04-18 12:35:18.414276","1","2469","\N","1","10","2"
"212","1","30","2011-06-16 14:11:57.356198","1","2504","\N","1","10","2"
"191","1","30","2011-04-18 12:35:29.100634","1","2469","\N","1","10","2"
"216","1","30","2011-08-13 18:50:13.738163","1","2512","\N","1","10","2"
"192","1","30","2011-04-18 12:35:36.379517","1","2469","\N","1","10","2"
"215","1","30","2011-08-11 22:50:31.504216","1","2511","\N","1","10","2"
"193","1","30","2011-04-18 12:54:33.381587","1","2469","\N","1","10","2"
"217","1","30","2011-09-16 17:04:48.640885","1","2522","\N","1","10","2"
"194","1","30","2011-04-18 12:54:40.978722","1","2469","\N","1","10","2"
"219","2","46","2011-09-19 12:35:02.317303","1","2527","1","2","10","2"
"195","1","30","2011-04-18 12:54:54.275235","1","2469","\N","1","10","2"
"218","1","30","2011-09-16 17:10:34.348636","1","2523","\N","1","10","2"
"196","1","30","2011-04-18 12:55:02.561603","1","2469","\N","1","10","2"
"244","2","30","2011-09-21 20:27:21.491575","1","2543","1","2","10","2"
"197","1","30","2011-04-18 12:55:17.571794","1","2469","\N","1","10","2"
"246","1","30","2011-09-25 00:01:13.729756","1","2549","\N","1","10","2"
"198","1","30","2011-04-18 12:55:27.537669","1","2469","\N","1","10","2"
"221","1","30","2011-09-19 16:22:04.309693","1","2530","\N","1","10","2"
"199","1","30","2011-04-18 12:55:36.831443","1","2469","\N","1","10","2"
"248","2","30","2011-09-30 09:02:45.566011","1","2557","1","2","10","2"
"200","1","30","2011-04-18 12:55:54.13138","1","2469","\N","1","10","2"
"258","1","30","2011-10-03 12:55:46.716972","1","2562","\N","1","10","2"
"201","1","30","2011-04-18 12:56:01.922254","1","2469","\N","1","10","2"
"223","1","30","2011-09-19 18:06:18.979395","1","2530","\N","1","10","2"
"202","1","30","2011-04-18 12:58:09.558573","1","2469","\N","1","10","2"
"264","1","30","2011-10-04 14:50:47.238845","1","2564","\N","1","10","2"
"224","1","30","2011-09-19 18:06:33.269026","1","2530","\N","1","10","2"
"230","2","30","2011-09-20 10:33:51.291846","1","2535","1","2","10","2"
"260","1","30","2011-10-03 13:05:50.823658","1","2562","\N","1","10","2"
"269","1","30","2011-10-05 20:19:52.555268","1","2565","\N","1","10","2"
"301","2","30","2011-10-28 15:08:11.048238","1","2583","1","2","10","2"
"243","2","30","2011-09-21 15:54:15.066886","1","2541","1","2","10","2"
"245","1","30","2011-09-24 23:46:30.348844","1","2549","\N","1","10","2"
"235","2","30","2011-09-20 11:57:59.948614","1","2536","1","2","10","2"
"247","1","30","2011-09-26 10:28:50.790177","1","2550","\N","1","10","2"
"236","2","30","2011-09-20 13:46:48.361243","1","2536","1","2","10","2"
"249","4","30","2011-09-30 10:29:56.801369","1","2559","2","4","10","2"
"259","1","30","2011-10-03 12:59:39.376065","1","2562","\N","1","10","2"
"265","1","30","2011-10-04 14:53:33.791711","1","2564","\N","1","10","2"
"239","2","30","2011-09-20 15:17:40.689356","1","2537","1","2","10","2"
"261","1","30","2011-10-03 13:13:46.331677","1","2562","\N","1","10","2"
"256","2","30","2011-09-30 12:05:16.521206","1","2560","1","2","10","2"
"241","2","30","2011-09-20 16:14:51.323485","1","2537","1","2","10","2"
"262","1","30","2011-10-03 13:23:09.182225","1","2562","\N","1","10","2"
"242","2","30","2011-09-20 17:39:13.386729","1","2537","1","2","10","2"
"257","2","30","2011-09-30 16:00:40.446452","1","2561","1","2","10","2"
"266","1","30","2011-10-04 14:53:38.829143","1","2564","\N","1","10","2"
"263","1","30","2011-10-03 14:22:51.712889","1","2563","\N","1","10","2"
"270","1","30","2011-10-13 15:16:19.028572","1","2572","\N","1","10","2"
"267","1","30","2011-10-04 14:54:15.020278","1","2564","\N","1","10","2"
"280","1","30","2011-10-14 14:16:21.892397","1","2573","\N","1","10","2"
"268","1","30","2011-10-04 14:57:30.242326","1","2564","\N","1","10","2"
"271","1","30","2011-10-13 15:22:33.133474","1","2572","\N","1","10","2"
"297","1","30","2011-10-26 11:22:02.779867","1","2580","\N","1","10","2"
"272","1","30","2011-10-13 15:23:34.902942","1","2572","\N","1","10","2"
"282","2","30","2011-10-24 11:30:29.348395","1","2576","1","2","10","2"
"273","1","30","2011-10-13 15:24:13.172884","1","2572","\N","1","10","2"
"298","1","30","2011-10-26 11:23:05.955128","1","2580","\N","1","10","2"
"274","1","30","2011-10-13 15:25:05.101224","1","2572","\N","1","10","2"
"283","2","30","2011-10-24 12:34:14.513212","1","2577","1","2","10","2"
"275","1","30","2011-10-13 15:25:29.920782","1","2572","\N","1","10","2"
"308","2","30","2011-11-08 10:31:39.193558","1","2587","1","2","10","2"
"276","1","30","2011-10-13 15:25:53.647256","1","2572","\N","1","10","2"
"299","1","30","2011-10-26 11:24:26.118588","1","2580","\N","1","10","2"
"277","1","30","2011-10-13 15:26:37.193309","1","2572","\N","1","10","2"
"317","1","30","2011-11-10 09:28:27.97098","1","2599","\N","1","10","2"
"278","1","30","2011-10-13 15:26:59.955291","1","2572","\N","1","10","2"
"300","1","30","2011-10-26 11:25:09.295506","1","2580","\N","1","10","2"
"279","1","30","2011-10-13 15:29:27.60289","1","2572","\N","1","10","2"
"309","2","30","2011-11-08 14:04:27.986033","1","2589","1","2","10","2"
"288","2","30","2011-10-24 14:12:49.420217","1","2578","1","2","10","2"
"337","2","30","2011-11-26 10:58:42.405856","1","2610","1","2","10","2"
"310","2","30","2011-11-08 15:10:00.76333","1","2591","1","2","10","2"
"318","1","30","2011-11-10 09:34:09.720358","1","2599","\N","1","10","2"
"291","2","30","2011-10-24 15:41:49.595403","1","2579","1","2","10","2"
"311","2","30","2011-11-08 15:51:24.490614","1","2592","1","2","10","2"
"315","2","30","2011-11-09 10:57:15.700851","1","2595","1","2","10","2"
"340","1","30","2011-12-06 08:53:00.30177","1","2613","\N","1","10","2"
"316","2","30","2011-11-09 13:14:00.848817","1","2596","1","2","10","2"
"319","1","30","2011-11-10 09:37:43.491859","1","2599","\N","1","10","2"
"296","2","30","2011-10-24 16:42:25.932785","1","2579","1","2","10","2"
"338","4","30","2011-11-26 11:21:48.214311","1","2610","2","4","10","2"
"320","1","30","2011-11-10 09:38:34.242319","1","2599","\N","1","10","2"
"341","2","30","2012-01-03 16:14:05.999979","1","2632","1","2","10","2"
"321","1","30","2011-11-10 09:54:51.90861","1","2599","\N","1","10","2"
"339","4","30","2011-11-26 11:36:25.73976","1","2610","2","4","10","2"
"381","1","30","2012-01-18 13:25:57.488359","1","2644","\N","1","10","2"
"323","2","30","2011-11-10 13:10:45.455033","1","2602","1","2","10","2"
"382","1","30","2012-01-23 13:27:40.839629","1","2646","\N","1","10","2"
"343","2","30","2012-01-03 16:51:15.342923","1","2632","1","2","10","2"
"384","2","30","2012-01-30 14:50:23.22824","1","2650","1","2","10","2"
"383","1","30","2012-01-23 13:40:10.285597","1","2647","\N","1","10","2"
"387","2","30","2012-02-03 10:58:05.603136","1","2656","1","2","10","2"
"390","4","30","2012-02-06 08:57:49.373715","1","2661","2","4","10","2"
"347","2","30","2012-01-03 18:47:25.260037","1","2633","1","2","10","2"
"388","4","30","2012-02-03 13:34:35.436966","1","2659","2","4","10","2"
"397","4","30","2012-02-07 10:14:59.95026","1","2665","2","4","10","2"
"389","4","30","2012-02-03 13:41:07.80679","1","2659","2","4","10","2"
"391","4","30","2012-02-06 08:58:21.451389","1","2661","2","4","10","2"
"418","4","30","2012-02-09 17:05:08.723515","1","2671","2","4","10","2"
"392","4","30","2012-02-06 08:58:33.183287","1","2661","2","4","10","2"
"398","4","30","2012-02-07 10:16:09.888065","1","2665","2","4","10","2"
"393","4","30","2012-02-06 08:58:47.519438","1","2661","2","4","10","2"
"420","1","30","2012-02-23 09:28:07.977258","1","2681","\N","1","10","2"
"394","4","30","2012-02-06 09:04:41.586227","1","2661","2","4","10","2"
"399","4","30","2012-02-07 10:17:13.661486","1","2665","2","4","10","2"
"395","2","30","2012-02-06 09:37:24.440347","1","2661","1","2","10","2"
"419","1","30","2012-02-09 17:26:38.218399","1","2671","\N","1","10","2"
"396","1","30","2012-02-06 15:01:31.012302","1","2662","\N","1","10","2"
"400","2","30","2012-02-07 11:30:47.386881","1","2666","1","2","10","2"
"427","4","30","2012-03-01 15:42:00.532126","1","2703","2","4","10","2"
"421","1","30","2012-02-23 09:39:06.206808","1","2681","\N","1","10","2"
"431","1","30","2012-03-06 12:00:54.038863","1","2704","\N","1","10","2"
"428","2","30","2012-03-01 15:42:11.515346","1","2703","1","2","10","2"
"440","1","30","2012-03-22 11:29:48.464467","1","2705","\N","1","10","2"
"429","2","30","2012-03-01 15:42:11.515346","1","2703","1","2","10","2"
"432","1","30","2012-03-06 12:08:48.317966","1","2704","\N","1","10","2"
"430","2","30","2012-03-01 16:10:58.134367","1","2703","1","2","10","2"
"448","1","30","2012-04-02 14:31:40.831348","1","2720","\N","1","10","2"
"433","1","30","2012-03-06 12:10:48.531569","1","2704","\N","1","10","2"
"379","2","30","2012-01-04 15:04:59.811683","1","2642","1","2","10","2"
"441","1","30","2012-03-22 11:31:18.085724","1","2705","\N","1","10","2"
"434","1","30","2012-03-06 12:14:55.118602","1","2704","\N","1","10","2"
"452","4","30","2012-04-12 08:39:20.898593","1","2729","2","4","10","2"
"435","1","30","2012-03-06 12:16:17.292434","1","2704","\N","1","10","2"
"442","1","30","2012-03-22 11:31:55.952484","1","2705","\N","1","10","2"
"436","1","30","2012-03-06 12:17:30.26643","1","2704","\N","1","10","2"
"450","1","30","2012-04-02 15:19:07.478778","1","2721","\N","1","10","2"
"437","1","30","2012-03-06 12:18:20.288134","1","2704","\N","1","10","2"
"443","1","30","2012-03-22 11:35:35.529545","1","2705","\N","1","10","2"
"438","1","30","2012-03-06 12:19:00.425671","1","2704","\N","1","10","2"
"456","2","30","2012-04-13 11:10:54.665529","1","2731","1","2","10","2"
"439","1","30","2012-03-06 12:19:25.022609","1","2704","\N","1","10","2"
"444","1","30","2012-03-22 11:37:04.204694","1","2705","\N","1","10","2"
"454","1","30","2012-04-12 09:17:25.985455","1","2729","\N","1","10","2"
"445","1","30","2012-03-22 11:39:19.380076","1","2705","\N","1","10","2"
"605","4","30","2013-03-04 09:24:53.430644","1","2931","2","4","10","2"
"446","1","30","2012-03-22 12:08:18.559373","1","2705","\N","1","10","2"
"632","1","30","2013-03-07 11:23:51.601233","1","2943","\N","1","10","2"
"447","4","30","2012-03-28 10:29:30.619548","1","2711","2","4","10","2"
"449","1","30","2012-04-02 14:32:46.754129","1","2720","\N","1","10","2"
"451","2","30","2012-04-03 08:57:39.969127","1","2723","1","2","10","2"
"453","4","30","2012-04-12 08:50:37.179286","1","2729","2","4","10","2"
"455","2","30","2012-04-13 10:19:59.328025","1","2731","1","2","10","2"
"457","1","30","2012-04-20 06:37:22.298878","1","2733","\N","1","10","2"
"458","1","30","2012-05-10 09:36:12.743006","1","2737","\N","1","10","2"
"459","1","30","2012-05-14 15:33:33.81429","1","2742","\N","1","10","2"
"479","2","30","2012-05-15 13:55:26.788397","1","2751","1","2","10","2"
"460","1","30","2012-05-14 15:34:49.721725","1","2742","\N","1","10","2"
"480","2","30","2012-05-16 10:12:24.949318","1","2753","1","2","10","2"
"461","1","30","2012-05-14 15:35:34.503931","1","2742","\N","1","10","2"
"481","4","30","2012-05-17 12:51:23.793729","1","2757","2","4","10","2"
"462","1","30","2012-05-14 15:36:17.230453","1","2742","\N","1","10","2"
"483","4","30","2012-05-23 16:06:42.078187","1","2763","2","4","10","2"
"463","1","30","2012-05-14 15:37:08.313181","1","2742","\N","1","10","2"
"482","2","30","2012-05-17 13:38:19.155805","1","2757","1","2","10","2"
"464","1","30","2012-05-14 15:39:24.689305","1","2742","\N","1","10","2"
"484","4","30","2012-05-31 13:14:03.026167","1","2766","2","4","10","2"
"465","1","30","2012-05-14 15:39:58.289485","1","2742","\N","1","10","2"
"490","2","30","2012-06-04 17:04:34.988733","1","2778","1","2","10","2"
"466","1","30","2012-05-14 15:40:45.590441","1","2742","\N","1","10","2"
"486","2","30","2012-06-02 15:43:04.009266","1","2768","1","2","10","2"
"467","2","30","2012-05-14 16:36:47.031382","1","2743","1","2","10","2"
"491","1","30","2012-06-12 09:12:51.769815","1","2784","\N","1","10","2"
"468","2","30","2012-05-14 17:42:30.272288","1","2744","1","2","10","2"
"505","4","30","2012-06-29 10:23:13.210023","1","2791","2","4","10","2"
"469","2","30","2012-05-14 19:20:41.294376","1","2745","1","2","10","2"
"488","4","30","2012-06-02 17:35:07.223115","1","2773","2","4","10","2"
"492","1","30","2012-06-12 09:14:16.217163","1","2784","\N","1","10","2"
"471","2","30","2012-05-14 20:12:46.486425","1","2746","1","2","10","2"
"489","2","30","2012-06-02 17:35:16.813178","1","2773","1","2","10","2"
"496","4","30","2012-06-28 14:56:35.268831","1","2789","2","4","10","2"
"493","1","30","2012-06-12 09:15:07.901823","1","2784","\N","1","10","2"
"507","4","30","2012-07-30 15:05:13.190197","1","2797","2","4","10","2"
"494","1","30","2012-06-12 09:15:30.54731","1","2784","\N","1","10","2"
"497","2","30","2012-06-28 14:56:42.371701","1","2789","1","2","10","2"
"477","2","30","2012-05-14 22:24:03.604596","1","2748","1","2","10","2"
"506","4","30","2012-06-29 10:23:26.643628","1","2791","2","4","10","2"
"498","4","30","2012-06-28 15:04:17.882238","1","2789","2","4","10","2"
"511","2","30","2012-08-09 13:03:47.327247","1","2806","1","2","10","2"
"508","4","30","2012-07-30 15:05:41.341297","1","2797","2","4","10","2"
"500","4","30","2012-06-28 15:21:43.512137","1","2789","2","4","10","2"
"515","2","30","2012-08-10 08:38:06.587673","1","2811","1","2","10","2"
"501","2","30","2012-06-28 15:21:53.649705","1","2789","1","2","10","2"
"509","4","30","2012-07-30 15:11:16.686055","1","2797","2","4","10","2"
"502","4","30","2012-06-28 15:38:46.254167","1","2789","2","4","10","2"
"520","1","30","2012-09-17 12:18:30.088984","1","2820","\N","1","10","2"
"503","4","30","2012-06-28 15:43:20.476917","1","2789","2","4","10","2"
"510","4","30","2012-07-30 15:16:27.088326","1","2797","2","4","10","2"
"504","4","30","2012-06-28 15:48:29.969029","1","2789","2","4","10","2"
"521","1","30","2012-09-20 09:53:50.433355","1","2821","\N","1","10","2"
"517","4","30","2012-08-10 09:06:31.55454","1","2813","2","4","10","2"
"527","1","30","2012-09-25 09:32:23.986697","1","2823","\N","1","10","2"
"518","2","30","2012-08-10 10:52:20.661485","1","2813","1","2","10","2"
"522","1","30","2012-09-20 09:56:16.079213","1","2821","\N","1","10","2"
"519","2","30","2012-08-10 11:25:03.738882","1","2813","1","2","10","2"
"529","1","30","2012-10-15 10:58:11.824784","1","2831","\N","1","10","2"
"523","1","30","2012-09-20 09:57:17.480782","1","2821","\N","1","10","2"
"528","1","30","2012-09-25 16:22:18.970436","1","2824","\N","1","10","2"
"524","1","30","2012-09-20 09:59:04.405148","1","2821","\N","1","10","2"
"531","2","30","2012-10-19 10:10:37.715565","1","2840","1","2","10","2"
"525","1","30","2012-09-20 09:59:19.801689","1","2821","\N","1","10","2"
"530","4","30","2012-10-15 17:04:50.495531","1","2833","2","4","10","2"
"526","1","30","2012-09-20 10:00:27.999269","1","2821","\N","1","10","2"
"570","1","30","2012-12-27 19:32:11.28753","1","2887","\N","1","10","2"
"572","4","30","2012-12-31 11:21:37.340599","1","2889","2","4","10","2"
"576","1","30","2013-01-08 12:06:03.785499","1","2894","\N","1","10","2"
"534","4","30","2012-10-19 10:57:58.278506","1","2840","2","4","10","2"
"554","4","30","2012-10-22 18:26:31.771063","1","2848","2","4","10","2"
"535","4","30","2012-10-19 10:59:07.433002","1","2840","2","4","10","2"
"574","4","30","2012-12-31 11:56:00.862613","1","2889","2","4","10","2"
"536","4","30","2012-10-19 11:00:46.446169","1","2840","2","4","10","2"
"578","1","30","2013-01-14 14:03:19.194835","1","2895","\N","1","10","2"
"537","4","30","2012-10-19 11:03:32.698487","1","2840","2","4","10","2"
"556","4","30","2012-10-22 18:40:21.179429","1","2851","2","4","10","2"
"538","4","30","2012-10-19 11:11:18.452274","1","2840","2","4","10","2"
"580","1","30","2013-01-30 16:50:49.136413","1","2899","\N","1","10","2"
"539","4","30","2012-10-19 11:40:33.912171","1","2840","2","4","10","2"
"603","2","30","2013-03-04 09:10:56.01809","1","2931","1","2","10","2"
"540","4","30","2012-10-19 11:52:53.908254","1","2840","2","4","10","2"
"558","4","30","2012-10-22 18:47:38.352242","1","2851","2","4","10","2"
"541","4","30","2012-10-19 11:57:15.210939","1","2840","2","4","10","2"
"643","1","30","2013-03-13 08:48:50.529952","1","2947","\N","1","10","2"
"542","4","30","2012-10-19 12:08:49.555485","1","2840","2","4","10","2"
"606","4","30","2013-03-04 09:25:01.975034","1","2931","2","4","10","2"
"543","4","30","2012-10-19 12:10:43.341086","1","2840","2","4","10","2"
"560","4","30","2012-10-22 18:51:09.700403","1","2852","2","4","10","2"
"544","4","30","2012-10-19 12:23:45.4169","1","2840","2","4","10","2"
"634","1","30","2013-03-07 12:05:14.470206","1","2943","\N","1","10","2"
"545","4","30","2012-10-19 12:29:04.070504","1","2840","2","4","10","2"
"608","4","30","2013-03-04 09:31:48.96224","1","2931","2","4","10","2"
"546","4","30","2012-10-19 12:31:50.451009","1","2840","2","4","10","2"
"562","4","30","2012-10-22 18:54:07.878668","1","2852","2","4","10","2"
"547","2","30","2012-10-19 13:45:18.460868","1","2840","1","2","10","2"
"650","1","30","2013-03-22 09:29:40.30115","1","2952","\N","1","10","2"
"548","4","30","2012-10-19 14:01:33.705671","1","2840","2","4","10","2"
"610","4","30","2013-03-04 09:42:23.420657","1","2931","2","4","10","2"
"549","4","30","2012-10-19 14:16:57.945196","1","2840","2","4","10","2"
"564","4","30","2012-10-22 18:58:39.977074","1","2852","2","4","10","2"
"550","4","30","2012-10-19 14:20:58.585909","1","2840","2","4","10","2"
"636","1","30","2013-03-07 12:15:15.065252","1","2943","\N","1","10","2"
"612","4","30","2013-03-04 09:49:15.745782","1","2931","2","4","10","2"
"566","4","30","2012-10-22 19:01:18.089028","1","2852","2","4","10","2"
"645","1","30","2013-03-13 14:50:10.732881","1","2948","\N","1","10","2"
"567","2","30","2012-10-22 19:01:23.479303","1","2852","1","2","10","2"
"653","4","30","2013-04-10 15:17:30.592243","1","2967","2","4","10","2"
"569","1","30","2012-12-27 19:08:14.112442","1","2886","\N","1","10","2"
"571","4","30","2012-12-31 11:14:58.872058","1","2889","2","4","10","2"
"577","1","30","2013-01-08 12:07:11.197127","1","2894","\N","1","10","2"
"573","4","30","2012-12-31 11:41:19.852431","1","2889","2","4","10","2"
"579","1","30","2013-01-30 16:17:46.463721","1","2899","\N","1","10","2"
"575","4","30","2012-12-31 12:32:25.000866","1","2889","2","4","10","2"
"633","1","30","2013-03-07 11:45:52.671709","1","2943","\N","1","10","2"
"581","1","30","2013-01-30 17:20:35.733756","1","2899","\N","1","10","2"
"588","4","30","2013-03-01 09:51:43.711927","1","2923","2","4","10","2"
"644","1","30","2013-03-13 09:09:34.09973","1","2947","\N","1","10","2"
"589","4","30","2013-03-01 09:51:48.925635","1","2923","2","4","10","2"
"635","1","30","2013-03-07 12:12:33.129333","1","2943","\N","1","10","2"
"590","4","30","2013-03-01 09:52:05.096543","1","2923","2","4","10","2"
"651","1","30","2013-03-22 09:38:39.077624","1","2952","\N","1","10","2"
"591","4","30","2013-03-01 09:52:12.660271","1","2923","2","4","10","2"
"614","4","30","2013-03-04 09:54:32.043575","1","2931","2","4","10","2"
"592","4","30","2013-03-01 09:52:21.033666","1","2923","2","4","10","2"
"637","1","30","2013-03-07 12:17:09.797488","1","2943","\N","1","10","2"
"638","1","30","2013-03-07 13:00:14.781326","1","2943","\N","1","10","2"
"594","4","30","2013-03-01 13:33:54.51078","1","2924","2","4","10","2"
"616","4","30","2013-03-04 09:59:06.063105","1","2931","2","4","10","2"
"595","4","30","2013-03-01 13:34:41.08004","1","2924","2","4","10","2"
"646","1","30","2013-03-13 14:51:01.136206","1","2948","\N","1","10","2"
"596","2","30","2013-03-01 13:34:51.014152","1","2924","1","2","10","2"
"639","1","30","2013-03-07 13:03:44.455519","1","2943","\N","1","10","2"
"597","2","30","2013-03-01 14:46:21.478679","1","2926","1","2","10","2"
"656","1","30","2013-04-12 12:14:56.272359","1","2973","\N","1","10","2"
"640","1","30","2013-03-07 13:05:26.543515","1","2943","\N","1","10","2"
"599","4","30","2013-03-01 17:30:38.350465","1","2929","2","4","10","2"
"647","1","30","2013-03-13 14:52:08.132951","1","2948","\N","1","10","2"
"621","4","30","2013-03-04 12:24:16.53611","1","2934","2","4","10","2"
"601","4","30","2013-03-01 17:39:13.121335","1","2929","2","4","10","2"
"641","1","30","2013-03-07 13:07:21.978626","1","2944","\N","1","10","2"
"622","2","30","2013-03-04 12:24:22.038205","1","2934","1","2","10","2"
"652","1","30","2013-03-22 10:28:10.485272","1","2953","\N","1","10","2"
"642","1","30","2013-03-07 13:14:35.016253","1","2944","\N","1","10","2"
"648","1","30","2013-03-13 14:53:14.293509","1","2948","\N","1","10","2"
"654","4","30","2013-04-10 15:17:38.685225","1","2967","2","4","10","2"
"626","2","30","2013-03-04 15:23:56.401131","1","2935","1","2","10","2"
"649","1","30","2013-03-13 14:54:04.458533","1","2948","\N","1","10","2"
"657","1","30","2013-04-15 08:56:31.319192","1","2974","\N","1","10","2"
"655","4","30","2013-04-10 15:51:24.100101","1","2968","2","4","10","2"
"629","4","30","2013-03-04 16:50:00.521947","1","2940","2","4","10","2"
"670","1","30","2013-04-22 17:16:00.444465","1","2988","\N","1","10","2"
"630","2","30","2013-03-04 16:50:09.375486","1","2940","1","2","10","2"
"658","1","30","2013-04-15 08:58:26.64328","1","2974","\N","1","10","2"
"631","2","30","2013-03-04 18:33:34.203364","1","2940","1","2","10","2"
"684","2","30","2013-04-24 14:06:30.735371","1","2992","1","2","10","2"
"659","1","30","2013-04-15 08:59:09.930697","1","2974","\N","1","10","2"
"671","1","30","2013-04-22 17:20:19.42666","1","2988","\N","1","10","2"
"660","1","30","2013-04-15 09:00:14.433845","1","2974","\N","1","10","2"
"689","2","30","2013-04-29 11:03:17.393057","1","2999","1","2","10","2"
"661","1","30","2013-04-15 09:01:03.979539","1","2974","\N","1","10","2"
"672","1","30","2013-04-22 17:23:50.756559","1","2988","\N","1","10","2"
"662","1","30","2013-04-15 09:01:23.329345","1","2974","\N","1","10","2"
"695","1","30","2013-05-15 14:50:00.753074","1","3009","\N","1","10","2"
"663","1","30","2013-04-15 09:01:39.154877","1","2974","\N","1","10","2"
"673","1","30","2013-04-22 17:24:53.347235","1","2988","\N","1","10","2"
"664","1","30","2013-04-15 09:01:48.792065","1","2974","\N","1","10","2"
"690","4","30","2013-04-29 11:11:06.333065","1","2999","2","4","10","2"
"665","1","30","2013-04-15 09:01:53.549413","1","2974","\N","1","10","2"
"674","1","30","2013-04-22 17:26:10.852132","1","2988","\N","1","10","2"
"666","1","30","2013-04-15 09:02:03.727245","1","2974","\N","1","10","2"
"705","4","30","2013-05-25 18:19:57.143821","1","3015","2","4","10","2"
"667","1","30","2013-04-15 09:10:22.698745","1","2974","\N","1","10","2"
"675","1","30","2013-04-22 17:27:42.610564","1","2988","\N","1","10","2"
"668","1","30","2013-04-15 09:14:33.672271","1","2974","\N","1","10","2"
"691","4","30","2013-04-29 11:26:27.481843","1","2999","2","4","10","2"
"669","1","30","2013-04-15 09:22:37.280815","1","2974","\N","1","10","2"
"676","1","30","2013-04-22 17:28:04.448654","1","2988","\N","1","10","2"
"696","1","30","2013-05-15 15:07:26.868331","1","3009","\N","1","10","2"
"677","1","30","2013-04-22 17:28:31.748659","1","2988","\N","1","10","2"
"692","4","30","2013-04-29 11:39:32.764115","1","2999","2","4","10","2"
"678","1","30","2013-04-22 17:29:09.136987","1","2988","\N","1","10","2"
"711","4","30","2013-05-27 12:14:20.188478","1","3018","2","4","10","2"
"679","1","30","2013-04-22 17:30:21.569642","1","2988","\N","1","10","2"
"693","2","30","2013-04-29 14:00:01.607194","1","3000","1","2","10","2"
"680","1","30","2013-04-22 17:33:13.474558","1","2988","\N","1","10","2"
"697","1","30","2013-05-15 15:58:32.035866","1","3009","\N","1","10","2"
"681","1","30","2013-04-22 17:38:59.758376","1","2988","\N","1","10","2"
"694","2","30","2013-04-29 15:50:24.34338","1","3001","1","2","10","2"
"682","1","30","2013-04-22 17:45:25.793781","1","2988","\N","1","10","2"
"706","4","30","2013-05-25 18:20:11.925993","1","3015","2","4","10","2"
"683","1","30","2013-04-22 17:51:02.741555","1","2988","\N","1","10","2"
"698","1","30","2013-05-15 16:00:37.88027","1","3009","\N","1","10","2"
"719","4","30","2013-05-31 13:30:57.113653","1","3023","2","4","10","2"
"699","1","30","2013-05-15 16:02:00.637325","1","3009","\N","1","10","2"
"707","4","30","2013-05-25 18:20:20.60339","1","3015","2","4","10","2"
"700","1","30","2013-05-15 16:03:17.746202","1","3009","\N","1","10","2"
"712","4","30","2013-05-27 12:14:20.188478","1","3018","2","4","10","2"
"701","1","30","2013-05-15 16:04:38.706309","1","3009","\N","1","10","2"
"708","4","30","2013-05-25 18:34:19.775158","1","3015","2","4","10","2"
"702","1","30","2013-05-15 16:06:54.933492","1","3009","\N","1","10","2"
"728","4","30","2013-06-13 11:54:45.565662","1","3040","2","4","10","2"
"703","1","30","2013-05-15 16:14:22.379585","1","3009","\N","1","10","2"
"709","4","30","2013-05-25 18:34:33.244772","1","3015","2","4","10","2"
"704","1","30","2013-05-15 16:28:41.885566","1","3009","\N","1","10","2"
"713","4","30","2013-05-27 12:49:47.166963","1","3018","2","4","10","2"
"710","4","30","2013-05-25 18:35:48.207801","1","3015","2","4","10","2"
"721","1","30","2013-05-31 13:33:55.640281","1","3023","\N","1","10","2"
"714","4","30","2013-05-27 13:09:28.349875","1","3018","2","4","10","2"
"734","4","30","2013-06-18 16:35:57.919326","1","3047","2","4","10","2"
"715","2","30","2013-05-27 13:20:19.518593","1","3018","1","2","10","2"
"723","1","30","2013-05-31 14:03:11.915725","1","3023","\N","1","10","2"
"716","2","30","2013-05-27 13:21:11.9157","1","3018","1","2","10","2"
"737","1","30","2013-06-21 10:18:57.171326","1","3048","\N","1","10","2"
"717","4","30","2013-05-27 13:23:09.77538","1","3018","2","4","10","2"
"729","4","30","2013-06-13 11:57:10.01766","1","3040","2","4","10","2"
"720","2","30","2013-05-31 13:31:09.210258","1","3023","1","2","10","2"
"730","2","30","2013-06-13 13:00:34.274233","1","3042","1","2","10","2"
"722","1","30","2013-05-31 13:58:41.732791","1","3023","\N","1","10","2"
"735","4","30","2013-06-18 16:35:57.919326","1","3047","2","4","10","2"
"724","1","30","2013-05-31 14:11:28.799985","1","3023","\N","1","10","2"
"731","4","30","2013-06-13 13:27:35.471219","1","3042","2","4","10","2"
"725","1","30","2013-05-31 14:20:22.986138","1","3023","\N","1","10","2"
"746","1","30","2013-06-28 10:44:49.998249","1","3053","\N","1","10","2"
"726","1","30","2013-05-31 14:34:56.472118","1","3023","\N","1","10","2"
"732","4","30","2013-06-13 13:43:10.284967","1","3042","2","4","10","2"
"727","4","30","2013-05-31 15:12:30.486708","1","3023","2","4","10","2"
"736","4","30","2013-06-18 16:36:37.903387","1","3047","2","4","10","2"
"733","4","30","2013-06-13 13:55:02.693371","1","3042","2","4","10","2"
"738","1","30","2013-06-21 10:20:20.693781","1","3048","\N","1","10","2"
"747","1","30","2013-07-05 14:36:00.717486","1","3057","\N","1","10","2"
"739","1","30","2013-06-21 10:22:18.993734","1","3048","\N","1","10","2"
"748","4","30","2013-07-16 12:08:58.844783","1","3072","2","4","10","2"
"740","1","30","2013-06-21 10:29:00.049791","1","3048","\N","1","10","2"
"751","1","30","2013-07-25 15:27:53.202351","1","3086","\N","1","10","2"
"741","1","30","2013-06-21 10:55:45.873546","1","3048","\N","1","10","2"
"749","4","30","2013-07-16 12:18:35.252852","1","3072","2","4","10","2"
"742","1","30","2013-06-21 11:15:10.315764","1","3048","\N","1","10","2"
"752","1","30","2013-07-31 14:25:15.808068","1","3088","\N","1","10","2"
"743","1","30","2013-06-21 11:44:52.536521","1","3048","\N","1","10","2"
"750","1","30","2013-07-16 15:28:45.043684","1","3074","\N","1","10","2"
"744","1","30","2013-06-21 12:27:08.553408","1","3048","\N","1","10","2"
"841","1","30","2013-09-23 09:42:43.327534","1","3134","\N","1","10","2"
"745","1","30","2013-06-21 13:59:14.000529","1","3049","\N","1","10","2"
"753","1","30","2013-08-12 14:41:44.8391","1","3091","\N","1","10","2"
"755","1","30","2013-08-19 16:28:30.415039","1","3096","\N","1","10","2"
"754","1","30","2013-08-12 14:42:19.328203","1","3091","\N","1","10","2"
"756","1","30","2013-08-28 11:20:19.319511","1","3100","\N","1","10","2"
"757","4","30","2013-08-29 15:18:00.01387","1","3108","2","4","10","2"
"806","4","30","2013-09-09 15:09:18.788179","1","3122","2","4","10","2"
"758","4","30","2013-08-29 15:18:08.630897","1","3108","2","4","10","2"
"820","4","30","2013-09-20 10:19:12.135282","1","3130","2","4","10","2"
"759","4","30","2013-08-29 15:23:19.051936","1","3108","2","4","10","2"
"814","2","30","2013-09-11 16:04:33.474806","1","3125","1","2","10","2"
"760","4","30","2013-08-29 15:23:27.584728","1","3108","2","4","10","2"
"861","2","30","2013-09-24 13:49:52.633425","1","3144","1","2","10","2"
"761","4","30","2013-08-29 15:24:48.890663","1","3108","2","4","10","2"
"822","2","30","2013-09-20 10:40:18.731965","1","3130","1","2","10","2"
"762","4","30","2013-08-29 15:28:24.489924","1","3108","2","4","10","2"
"843","4","30","2013-09-23 11:32:54.372212","1","3135","2","4","10","2"
"824","4","30","2013-09-20 10:53:31.42473","1","3130","2","4","10","2"
"866","1","30","2013-10-01 14:03:21.685103","1","3163","\N","1","10","2"
"826","4","30","2013-09-20 11:11:07.045345","1","3130","2","4","10","2"
"864","2","30","2013-09-26 11:41:24.375193","1","3153","1","2","10","2"
"868","4","30","2013-10-22 09:18:01.749093","1","3174","2","4","10","2"
"830","4","30","2013-09-20 11:53:09.019744","1","3131","2","4","10","2"
"884","4","30","2013-11-12 09:18:44.21231","1","3187","2","4","10","2"
"832","2","30","2013-09-20 12:17:30.079807","1","3131","1","2","10","2"
"870","4","30","2013-10-22 09:18:54.571744","1","3174","2","4","10","2"
"890","1","30","2013-11-15 09:43:55.324018","1","3191","\N","1","10","2"
"872","4","30","2013-10-22 09:20:57.536307","1","3174","2","4","10","2"
"838","4","30","2013-09-20 15:17:30.595249","1","3133","2","4","10","2"
"857","4","30","2013-09-23 14:37:40.135658","1","3135","2","4","10","2"
"886","4","30","2013-11-12 09:27:12.409099","1","3187","2","4","10","2"
"874","4","30","2013-10-22 09:23:43.076003","1","3174","2","4","10","2"
"931","4","30","2013-11-26 08:46:10.475351","1","3203","2","4","10","2"
"876","4","30","2013-10-22 09:28:35.210531","1","3174","2","4","10","2"
"888","4","30","2013-11-12 11:31:14.292378","1","3188","2","4","10","2"
"878","4","30","2013-10-22 09:49:17.281542","1","3174","2","4","10","2"
"892","1","30","2013-11-15 10:18:40.463116","1","3193","\N","1","10","2"
"880","4","30","2013-10-22 10:10:23.999379","1","3174","2","4","10","2"
"944","4","30","2013-11-29 09:17:41.935299","1","3211","2","4","10","2"
"882","4","30","2013-10-22 10:58:43.752956","1","3174","2","4","10","2"
"894","1","30","2013-11-15 10:24:05.326944","1","3193","\N","1","10","2"
"932","4","30","2013-11-26 08:46:10.475351","1","3203","2","4","10","2"
"942","4","30","2013-11-28 11:42:59.588955","1","3210","2","4","10","2"
"779","4","30","2013-08-30 09:21:24.066549","1","3110","2","4","10","2"
"935","4","30","2013-11-26 09:42:16.084336","1","3203","2","4","10","2"
"780","4","30","2013-08-30 09:21:24.066549","1","3110","2","4","10","2"
"962","4","30","2013-12-11 09:30:59.838508","1","3218","2","4","10","2"
"781","4","30","2013-08-30 09:21:59.376241","1","3110","2","4","10","2"
"937","4","30","2013-11-26 09:43:59.889262","1","3203","2","4","10","2"
"782","4","30","2013-08-30 09:21:59.376241","1","3110","2","4","10","2"
"946","4","30","2013-11-29 09:22:21.734517","1","3211","2","4","10","2"
"783","4","30","2013-08-30 09:21:59.376241","1","3110","2","4","10","2"
"939","4","30","2013-11-26 09:47:32.528634","1","3203","2","4","10","2"
"784","4","30","2013-08-30 09:22:16.380808","1","3110","2","4","10","2"
"964","4","30","2013-12-16 16:22:45.928678","1","3223","2","4","10","2"
"785","4","30","2013-08-30 09:22:16.380808","1","3110","2","4","10","2"
"948","4","30","2013-11-29 09:22:45.087555","1","3211","2","4","10","2"
"786","4","30","2013-08-30 09:22:16.380808","1","3110","2","4","10","2"
"1416","1","30","2014-03-03 16:26:46.372918","1","3713","\N","1","10","2"
"787","4","30","2013-08-30 09:22:16.380808","1","3110","2","4","10","2"
"950","4","30","2013-11-29 09:24:23.363428","1","3211","2","4","10","2"
"972","2","30","2014-01-02 11:28:26.210685","1","3239","1","2","10","2"
"952","2","30","2013-11-29 09:29:09.890639","1","3211","1","2","10","2"
"976","1","30","2014-01-07 13:48:01.851027","1","3245","\N","1","10","2"
"954","4","30","2013-11-29 09:51:30.872395","1","3212","2","4","10","2"
"790","4","30","2013-08-30 09:24:50.01371","1","3110","2","4","10","2"
"974","1","30","2014-01-02 15:08:06.169964","1","3241","\N","1","10","2"
"791","4","30","2013-08-30 09:55:33.263867","1","3114","2","4","10","2"
"922","4","30","2013-11-21 14:11:47.049907","1","3200","2","4","10","2"
"792","4","30","2013-08-30 09:55:55.216699","1","3114","2","4","10","2"
"956","4","30","2013-11-29 09:52:32.325292","1","3212","2","4","10","2"
"793","4","30","2013-08-30 09:55:56.535989","1","3114","2","4","10","2"
"924","4","30","2013-11-21 14:11:57.562786","1","3200","2","4","10","2"
"794","4","30","2013-08-30 10:11:36.77163","1","3114","2","4","10","2"
"1369","4","30","2014-02-25 10:45:11.359994","1","3700","2","4","10","2"
"795","1","30","2013-08-30 11:50:41.99698","1","3115","\N","1","10","2"
"926","4","30","2013-11-21 14:12:08.725269","1","3200","2","4","10","2"
"796","1","30","2013-08-30 12:16:23.390554","1","3115","\N","1","10","2"
"1663","1","30","2014-05-21 14:49:47.292115","1","3824","\N","1","10","2"
"797","1","30","2013-08-30 12:16:40.324835","1","3115","\N","1","10","2"
"813","4","30","2013-09-11 16:04:20.422528","1","3125","2","4","10","2"
"798","1","30","2013-08-30 12:20:11.59299","1","3115","\N","1","10","2"
"807","2","30","2013-09-09 15:09:42.848999","1","3122","1","2","10","2"
"799","1","30","2013-08-30 12:20:58.054804","1","3115","\N","1","10","2"
"840","1","30","2013-09-23 09:41:53.936698","1","3134","\N","1","10","2"
"800","1","30","2013-08-30 12:21:45.040229","1","3115","\N","1","10","2"
"865","2","30","2013-09-27 14:58:44.261435","1","3160","1","2","10","2"
"801","1","30","2013-08-30 12:22:25.288258","1","3115","\N","1","10","2"
"811","2","30","2013-09-09 15:45:09.948188","1","3122","1","2","10","2"
"802","1","30","2013-08-30 12:23:13.603581","1","3115","\N","1","10","2"
"817","4","30","2013-09-11 16:56:51.562774","1","3125","2","4","10","2"
"803","1","30","2013-08-30 12:23:40.851213","1","3115","\N","1","10","2"
"867","4","30","2013-10-22 09:17:44.66516","1","3174","2","4","10","2"
"804","1","30","2013-08-30 12:34:06.215247","1","3115","\N","1","10","2"
"825","4","30","2013-09-20 11:10:33.631289","1","3130","2","4","10","2"
"844","2","30","2013-09-23 11:33:03.246709","1","3135","1","2","10","2"
"885","4","30","2013-11-12 09:21:48.993935","1","3187","2","4","10","2"
"869","4","30","2013-10-22 09:18:13.807","1","3174","2","4","10","2"
"848","4","30","2013-09-23 12:12:24.976931","1","3135","2","4","10","2"
"891","1","30","2013-11-15 10:06:42.294925","1","3191","\N","1","10","2"
"835","4","30","2013-09-20 15:07:01.25728","1","3132","2","4","10","2"
"850","2","30","2013-09-23 12:20:57.038568","1","3135","1","2","10","2"
"871","4","30","2013-10-22 09:20:02.787999","1","3174","2","4","10","2"
"887","4","30","2013-11-12 09:41:52.717849","1","3187","2","4","10","2"
"854","4","30","2013-09-23 13:11:02.125187","1","3135","2","4","10","2"
"873","4","30","2013-10-22 09:22:14.470414","1","3174","2","4","10","2"
"933","4","30","2013-11-26 08:56:16.721494","1","3203","2","4","10","2"
"858","2","30","2013-09-23 14:37:54.707525","1","3135","1","2","10","2"
"875","4","30","2013-10-22 09:25:50.701401","1","3174","2","4","10","2"
"860","2","30","2013-09-23 15:50:57.592804","1","3136","1","2","10","2"
"889","2","30","2013-11-12 15:17:25.462922","1","3189","1","2","10","2"
"877","4","30","2013-10-22 09:29:27.392851","1","3174","2","4","10","2"
"893","1","30","2013-11-15 10:23:07.131336","1","3193","\N","1","10","2"
"879","4","30","2013-10-22 09:51:43.237278","1","3174","2","4","10","2"
"943","2","30","2013-11-28 11:43:45.434229","1","3210","1","2","10","2"
"881","4","30","2013-10-22 10:43:51.07028","1","3174","2","4","10","2"
"934","4","30","2013-11-26 08:56:16.721494","1","3203","2","4","10","2"
"883","4","30","2013-10-22 11:01:34.123831","1","3174","2","4","10","2"
"945","4","30","2013-11-29 09:17:56.23653","1","3211","2","4","10","2"
"936","4","30","2013-11-26 09:43:03.183577","1","3203","2","4","10","2"
"963","1","30","2013-12-11 16:25:47.144074","1","3219","\N","1","10","2"
"938","4","30","2013-11-26 09:46:43.786387","1","3203","2","4","10","2"
"947","4","30","2013-11-29 09:22:34.495422","1","3211","2","4","10","2"
"940","4","30","2013-11-26 10:00:24.018589","1","3203","2","4","10","2"
"965","2","30","2013-12-30 15:08:53.38336","1","3233","1","2","10","2"
"949","4","30","2013-11-29 09:22:53.809739","1","3211","2","4","10","2"
"973","2","30","2014-01-02 13:15:18.978562","1","3240","1","2","10","2"
"951","4","30","2013-11-29 09:24:33.172383","1","3211","2","4","10","2"
"975","1","30","2014-01-03 13:31:15.600285","1","3243","\N","1","10","2"
"953","4","30","2013-11-29 09:51:20.490559","1","3212","2","4","10","2"
"967","4","30","2013-12-30 16:46:30.290777","1","3234","2","4","10","2"
"955","4","30","2013-11-29 09:51:41.100536","1","3212","2","4","10","2"
"977","1","30","2014-01-16 13:39:46.188937","1","3253","\N","1","10","2"
"957","2","30","2013-11-29 10:47:48.271403","1","3212","1","2","10","2"
"968","2","30","2013-12-30 16:46:39.560996","1","3234","1","2","10","2"
"978","1","30","2014-01-21 15:57:24.724339","1","3260","\N","1","10","2"
"960","4","30","2013-11-29 10:56:22.148736","1","3212","2","4","10","2"
"979","1","30","2014-01-27 17:43:24.579695","1","3266","\N","1","10","2"
"970","4","30","2013-12-30 16:55:17.73729","1","3234","2","4","10","2"
"980","1","30","2014-02-04 15:55:12.537562","1","3274","\N","1","10","2"
"971","2","30","2013-12-30 17:17:26.335702","1","3237","1","2","10","2"
"981","1","30","2014-02-07 08:40:56.069505","1","3277","\N","1","10","2"
"982","1","30","2014-02-13 18:11:33.078273","1","3282","\N","1","10","2"
"1295","4","30","2014-02-25 08:51:19.339556","1","3699","2","4","10","2"
"983","1","30","2014-02-13 18:19:01.370792","1","3282","\N","1","10","2"
"1417","1","30","2014-03-03 16:29:34.486239","1","3713","\N","1","10","2"
"984","1","30","2014-02-13 18:22:21.010639","1","3282","\N","1","10","2"
"1370","4","30","2014-02-25 10:45:11.359994","1","3700","2","4","10","2"
"1421","1","30","2014-03-24 16:27:50.953228","1","3736","\N","1","10","2"
"1371","4","30","2014-02-25 10:45:11.359994","1","3700","2","4","10","2"
"1428","1","30","2014-04-01 15:00:24.311022","1","3744","\N","1","10","2"
"923","4","30","2013-11-21 14:11:52.449221","1","3200","2","4","10","2"
"1372","4","30","2014-02-25 10:45:11.359994","1","3700","2","4","10","2"
"925","4","30","2013-11-21 14:12:03.551068","1","3200","2","4","10","2"
"1435","2","30","2014-05-07 13:41:53.926574","1","3785","1","2","10","2"
"927","4","30","2013-11-21 14:12:15.454721","1","3200","2","4","10","2"
"1385","4","30","2014-02-25 10:47:55.552918","1","3700","2","4","10","2"
"928","4","30","2013-11-21 14:12:21.093028","1","3200","2","4","10","2"
"1442","4","30","2014-05-08 09:40:47.853192","1","3786","2","4","10","2"
"929","4","30","2013-11-21 14:12:28.472674","1","3200","2","4","10","2"
"1486","4","30","2014-05-12 09:38:15.653045","1","3791","2","4","10","2"
"930","4","30","2013-11-21 14:12:34.35374","1","3200","2","4","10","2"
"1670","4","30","2014-06-02 13:55:40.903621","1","3840","2","4","10","2"
"1487","4","30","2014-05-12 09:38:15.653045","1","3791","2","4","10","2"
"1677","1","30","2014-06-05 14:39:35.772877","1","3846","\N","1","10","2"
"1488","4","30","2014-05-12 09:38:15.653045","1","3791","2","4","10","2"
"1829","4","30","2014-12-04 11:41:45.877977","1","4003","2","4","10","2"
"1502","4","30","2014-05-12 09:43:25.196215","1","3791","2","4","10","2"
"1741","1","30","2014-07-21 11:50:13.291589","1","3889","\N","1","10","2"
"1503","4","30","2014-05-12 09:43:25.196215","1","3791","2","4","10","2"
"1758","4","30","2014-10-08 15:20:31.001269","1","3953","2","4","10","2"
"1504","4","30","2014-05-12 09:43:25.196215","1","3791","2","4","10","2"
"1786","1","30","2014-10-20 13:40:35.107207","1","3965","\N","1","10","2"
"1520","4","30","2014-05-12 09:58:15.012527","1","3791","2","4","10","2"
"1765","4","30","2014-10-08 16:04:14.320959","1","3953","2","4","10","2"
"1793","4","30","2014-12-01 10:37:38.550029","1","3995","2","4","10","2"
"1807","4","30","2014-12-01 15:29:15.462602","1","3996","2","4","10","2"
"1814","4","30","2014-12-02 09:24:16.558971","1","3997","2","4","10","2"
"1894","1","30","2014-12-08 15:54:21.224612","1","4010","\N","1","10","2"
"1844","4","30","2014-12-08 08:34:44.334562","1","4008","2","4","10","2"
"1901","4","30","2014-12-10 10:35:21.632731","1","4013","2","4","10","2"
"1851","4","30","2014-12-08 08:55:32.032743","1","4008","2","4","10","2"
"1873","4","30","2014-12-08 11:16:11.643852","1","4008","2","4","10","2"
"1946","4","30","2014-12-10 15:06:50.338882","1","4013","2","4","10","2"
"1964","4","30","2014-12-11 11:03:52.833634","1","4014","2","4","10","2"
"1398","4","30","2014-02-28 12:20:00.005619","1","3710","2","4","10","2"
"1373","4","30","2014-02-25 10:46:21.219879","1","3700","2","4","10","2"
"1422","4","30","2014-03-31 09:21:47.289175","1","3740","2","4","10","2"
"1374","4","30","2014-02-25 10:46:21.219879","1","3700","2","4","10","2"
"1399","4","30","2014-02-28 12:20:00.005619","1","3710","2","4","10","2"
"1375","4","30","2014-02-25 10:46:21.219879","1","3700","2","4","10","2"
"1429","1","30","2014-04-01 15:07:22.665687","1","3744","\N","1","10","2"
"1386","4","30","2014-02-25 10:48:25.190547","1","3700","2","4","10","2"
"1400","4","30","2014-02-28 12:20:00.005619","1","3710","2","4","10","2"
"1387","4","30","2014-02-25 10:48:25.190547","1","3700","2","4","10","2"
"1443","4","30","2014-05-08 09:43:06.805946","1","3786","2","4","10","2"
"1388","4","30","2014-02-25 10:48:25.190547","1","3700","2","4","10","2"
"1401","4","30","2014-02-28 12:20:00.005619","1","3710","2","4","10","2"
"1489","4","30","2014-05-12 09:38:26.724006","1","3791","2","4","10","2"
"1402","4","30","2014-02-28 12:20:00.005619","1","3710","2","4","10","2"
"1652","4","30","2014-05-16 09:24:15.440879","1","3810","2","4","10","2"
"1403","4","30","2014-02-28 12:20:00.005619","1","3710","2","4","10","2"
"1490","4","30","2014-05-12 09:38:26.724006","1","3791","2","4","10","2"
"1404","4","30","2014-02-28 12:20:00.005619","1","3710","2","4","10","2"
"1664","1","30","2014-05-21 14:53:55.601763","1","3824","\N","1","10","2"
"1491","4","30","2014-05-12 09:38:26.724006","1","3791","2","4","10","2"
"1653","4","30","2014-05-16 09:24:15.440879","1","3810","2","4","10","2"
"1678","1","30","2014-06-05 14:53:24.149158","1","3846","\N","1","10","2"
"1654","4","30","2014-05-16 09:24:15.440879","1","3810","2","4","10","2"
"1682","4","30","2014-06-24 09:21:09.673261","1","3856","2","4","10","2"
"1655","4","30","2014-05-16 09:24:15.440879","1","3810","2","4","10","2"
"1749","1","30","2014-08-26 15:02:38.846534","1","3919","\N","1","10","2"
"1656","4","30","2014-05-16 09:24:15.440879","1","3810","2","4","10","2"
"1521","4","30","2014-05-12 10:05:03.241052","1","3791","2","4","10","2"
"1773","4","30","2014-10-10 07:33:16.978459","1","3955","2","4","10","2"
"1787","1","30","2014-10-20 13:45:07.923676","1","3965","\N","1","10","2"
"1598","4","30","2014-05-15 12:48:17.995043","1","3808","2","4","10","2"
"1780","4","30","2014-10-10 07:56:28.018305","1","3955","2","4","10","2"
"1599","4","30","2014-05-15 12:48:17.995043","1","3808","2","4","10","2"
"1729","4","30","2014-06-24 09:44:26.893205","1","3856","2","4","10","2"
"1600","4","30","2014-05-15 12:48:17.995043","1","3808","2","4","10","2"
"1867","4","30","2014-12-08 10:46:12.857269","1","4008","2","4","10","2"
"1601","4","30","2014-05-15 12:48:17.995043","1","3808","2","4","10","2"
"1735","2","30","2014-06-24 09:58:47.362178","1","3856","1","2","10","2"
"1801","4","30","2014-12-01 14:59:48.34723","1","3996","2","4","10","2"
"1895","1","30","2014-12-08 16:09:05.949513","1","4010","\N","1","10","2"
"1859","4","30","2014-12-08 09:34:44.171488","1","4008","2","4","10","2"
"1947","4","30","2014-12-10 15:07:09.516523","1","4013","2","4","10","2"
"1909","4","30","2014-12-10 11:22:33.498394","1","4013","2","4","10","2"
"1988","4","30","2014-12-11 15:47:37.916924","1","4014","2","4","10","2"
"1915","4","30","2014-12-10 11:49:42.599359","1","4013","2","4","10","2"
"1970","4","30","2014-12-11 13:48:36.717096","1","4014","2","4","10","2"
"1921","4","30","2014-12-10 12:18:15.278291","1","4013","2","4","10","2"
"1959","4","30","2014-12-10 16:18:12.689542","1","4013","2","4","10","2"
"2000","4","30","2014-12-12 14:23:31.398748","1","4015","2","4","10","2"
"1976","4","30","2014-12-11 14:19:59.345826","1","4014","2","4","10","2"
"1994","4","30","2014-12-11 16:23:02.032101","1","4014","2","4","10","2"
"1982","4","30","2014-12-11 14:53:43.821638","1","4014","2","4","10","2"
"1642","4","30","2014-05-15 12:51:59.936908","1","3808","2","4","10","2"
"2006","4","30","2014-12-12 16:04:29.333816","1","4015","2","4","10","2"
"1647","4","30","2014-05-15 14:52:09.505614","1","3809","2","4","10","2"
"2069","1","30","2014-12-17 16:23:02.737195","1","4023","\N","1","10","2"
"1648","4","30","2014-05-15 14:52:09.505614","1","3809","2","4","10","2"
"2012","4","30","2014-12-12 16:34:34.387725","1","4015","2","4","10","2"
"1649","4","30","2014-05-15 14:52:09.505614","1","3809","2","4","10","2"
"2019","4","30","2014-12-15 09:58:12.990899","1","4016","2","4","10","2"
"1650","4","30","2014-05-15 14:52:09.505614","1","3809","2","4","10","2"
"2026","4","30","2014-12-15 10:27:41.436745","1","4016","2","4","10","2"
"1651","4","30","2014-05-15 14:52:09.505614","1","3809","2","4","10","2"
"2057","4","30","2014-12-17 11:55:34.200494","1","4022","2","4","10","2"
"2032","4","30","2014-12-15 11:05:08.410537","1","4016","2","4","10","2"
"2084","4","30","2015-01-08 13:24:22.4379","1","4035","2","4","10","2"
"2038","4","30","2014-12-15 11:42:09.815272","1","4016","2","4","10","2"
"2122","4","30","2015-01-12 10:39:34.450654","1","4036","2","4","10","2"
"2044","4","30","2014-12-15 12:18:39.858793","1","4016","2","4","10","2"
"2090","4","30","2015-01-08 14:46:02.865579","1","4035","2","4","10","2"
"2097","4","30","2015-01-08 15:22:02.565996","1","4035","2","4","10","2"
"2116","4","30","2015-01-12 09:56:55.92062","1","4036","2","4","10","2"
"2134","4","30","2015-01-12 16:34:23.656384","1","4037","2","4","10","2"
"2128","4","30","2015-01-12 13:35:55.195152","1","4037","2","4","10","2"
"2166","4","30","2015-01-14 14:35:52.634546","1","4043","2","4","10","2"
"2140","4","30","2015-01-12 17:39:02.540519","1","4037","2","4","10","2"
"2147","4","30","2015-01-13 13:05:52.370109","1","4039","2","4","10","2"
"2154","4","30","2015-01-13 17:01:05.220623","1","4041","2","4","10","2"
"2172","4","30","2015-01-14 15:20:08.858317","1","4043","2","4","10","2"
"2191","4","30","2015-01-15 10:22:24.605749","1","4044","2","4","10","2"
"2185","4","30","2015-01-15 09:51:05.902378","1","4044","2","4","10","2"
"2229","4","30","2015-01-16 11:07:37.541241","1","4047","2","4","10","2"
"2216","4","30","2015-01-15 17:00:49.592771","1","4044","2","4","10","2"
"2203","4","30","2015-01-15 13:11:17.25574","1","4044","2","4","10","2"
"2223","4","30","2015-01-16 08:59:05.839402","1","4046","2","4","10","2"
"2259","4","30","2015-01-16 15:18:17.511387","1","4048","2","4","10","2"
"2235","4","30","2015-01-16 11:44:17.800328","1","4047","2","4","10","2"
"2272","4","30","2015-01-19 11:56:56.274313","1","4049","2","4","10","2"
"2241","4","30","2015-01-16 12:49:06.309691","1","4047","2","4","10","2"
"2266","4","30","2015-01-19 09:19:52.078793","1","4049","2","4","10","2"
"2247","4","30","2015-01-16 13:40:21.189045","1","4048","2","4","10","2"
"2303","4","30","2015-01-20 11:45:28.43974","1","4053","2","4","10","2"
"2253","4","30","2015-01-16 14:15:53.065745","1","4048","2","4","10","2"
"2278","4","30","2015-01-19 12:27:16.388701","1","4049","2","4","10","2"
"2297","4","30","2015-01-19 16:50:53.163407","1","4051","2","4","10","2"
"2284","4","30","2015-01-19 14:06:57.306958","1","4050","2","4","10","2"
"2316","4","30","2015-01-20 15:21:35.066742","1","4054","2","4","10","2"
"2310","4","30","2015-01-20 14:46:01.277606","1","4054","2","4","10","2"
"2334","4","30","2015-01-23 15:40:19.51218","1","4058","2","4","10","2"
"2328","4","30","2015-01-20 17:58:01.328186","1","4054","2","4","10","2"
"2337","1","30","2015-02-02 14:01:56.800069","1","4065","\N","1","10","2"
"1405","4","30","2014-02-28 12:20:10.533463","1","3710","2","4","10","2"
"1423","4","30","2014-03-31 09:39:07.890401","1","3740","2","4","10","2"
"1406","4","30","2014-02-28 12:20:10.533463","1","3710","2","4","10","2"
"1444","4","30","2014-05-08 09:44:04.391384","1","3786","2","4","10","2"
"1407","4","30","2014-02-28 12:20:10.533463","1","3710","2","4","10","2"
"1522","1","30","2014-05-13 08:50:13.745237","1","3802","\N","1","10","2"
"1408","4","30","2014-02-28 12:20:10.533463","1","3710","2","4","10","2"
"1657","4","30","2014-05-16 09:26:59.135147","1","3810","2","4","10","2"
"1409","4","30","2014-02-28 12:20:10.533463","1","3710","2","4","10","2"
"1665","1","30","2014-05-21 14:58:34.744946","1","3824","\N","1","10","2"
"1410","4","30","2014-02-28 12:20:10.533463","1","3710","2","4","10","2"
"1672","4","30","2014-06-02 15:32:36.852966","1","3840","2","4","10","2"
"1411","4","30","2014-02-28 12:20:10.533463","1","3710","2","4","10","2"
"1679","1","30","2014-06-05 15:19:01.512522","1","3846","\N","1","10","2"
"1750","1","30","2014-09-10 09:31:56.277082","1","3929","\N","1","10","2"
"1508","4","30","2014-05-12 09:43:57.703634","1","3791","2","4","10","2"
"1718","4","30","2014-06-24 09:33:25.826111","1","3856","2","4","10","2"
"1509","4","30","2014-05-12 09:43:57.703634","1","3791","2","4","10","2"
"1760","4","30","2014-10-08 15:37:48.366497","1","3953","2","4","10","2"
"1510","4","30","2014-05-12 09:43:57.703634","1","3791","2","4","10","2"
"1719","4","30","2014-06-24 09:33:25.826111","1","3856","2","4","10","2"
"1788","1","30","2014-10-20 13:46:32.995557","1","3965","\N","1","10","2"
"1720","4","30","2014-06-24 09:33:25.826111","1","3856","2","4","10","2"
"1767","4","30","2014-10-08 16:33:31.919673","1","3953","2","4","10","2"
"1730","4","30","2014-06-24 09:44:32.442611","1","3856","2","4","10","2"
"1781","4","30","2014-10-10 07:56:49.336389","1","3955","2","4","10","2"
"1795","4","30","2014-12-01 11:13:07.153483","1","3995","2","4","10","2"
"1809","4","30","2014-12-01 15:39:29.330224","1","3996","2","4","10","2"
"1816","4","30","2014-12-02 09:33:07.031709","1","3997","2","4","10","2"
"1823","4","30","2014-12-02 14:47:20.138112","1","3999","2","4","10","2"
"1831","4","30","2014-12-04 12:32:24.120076","1","4003","2","4","10","2"
"1621","4","30","2014-05-15 12:50:14.064623","1","3808","2","4","10","2"
"1838","4","30","2014-12-04 15:24:00.181859","1","4004","2","4","10","2"
"1633","4","30","2014-05-15 12:51:12.276625","1","3808","2","4","10","2"
"1846","4","30","2014-12-08 08:40:49.698118","1","4008","2","4","10","2"
"1634","4","30","2014-05-15 12:51:12.276625","1","3808","2","4","10","2"
"1896","1","30","2014-12-08 16:14:53.446201","1","4010","\N","1","10","2"
"1635","4","30","2014-05-15 12:51:12.276625","1","3808","2","4","10","2"
"1853","4","30","2014-12-08 09:08:31.822283","1","4008","2","4","10","2"
"1643","4","30","2014-05-15 12:52:11.227153","1","3808","2","4","10","2"
"1376","4","30","2014-02-25 10:46:38.57364","1","3700","2","4","10","2"
"1875","4","30","2014-12-08 11:27:05.855285","1","4008","2","4","10","2"
"1389","4","30","2014-02-25 10:48:29.605865","1","3700","2","4","10","2"
"1903","4","30","2014-12-10 10:51:53.371918","1","4013","2","4","10","2"
"1390","4","30","2014-02-25 10:48:29.605865","1","3700","2","4","10","2"
"1882","4","30","2014-12-08 12:06:32.607497","1","4008","2","4","10","2"
"1391","4","30","2014-02-25 10:48:29.605865","1","3700","2","4","10","2"
"2020","2","30","2014-12-15 09:58:19.707404","1","4016","1","2","10","2"
"1889","4","30","2014-12-08 12:41:23.06164","1","4008","2","4","10","2"
"1954","4","30","2014-12-10 15:50:05.060476","1","4013","2","4","10","2"
"2051","4","30","2014-12-16 10:17:31.663311","1","4020","2","4","10","2"
"1922","2","30","2014-12-10 12:18:24.122991","1","4013","1","2","10","2"
"2070","1","30","2014-12-17 16:32:22.508418","1","4023","\N","1","10","2"
"1928","4","30","2014-12-10 13:38:37.943318","1","4013","2","4","10","2"
"2079","4","30","2014-12-24 11:24:09.281172","1","4027","2","4","10","2"
"1934","4","30","2014-12-10 14:06:13.323466","1","4013","2","4","10","2"
"2045","4","30","2014-12-15 12:19:18.764897","1","4016","2","4","10","2"
"1940","4","30","2014-12-10 14:42:17.029227","1","4013","2","4","10","2"
"2210","4","30","2015-01-15 15:07:20.463946","1","4044","2","4","10","2"
"2104","4","30","2015-01-08 16:03:16.670673","1","4035","2","4","10","2"
"2179","1","30","2015-01-14 16:37:49.08468","1","4043","\N","1","10","2"
"2110","4","30","2015-01-08 17:21:40.237358","1","4035","2","4","10","2"
"2198","4","30","2015-01-15 11:14:48.689145","1","4044","2","4","10","2"
"2291","4","30","2015-01-19 16:12:40.07838","1","4051","2","4","10","2"
"2304","4","30","2015-01-20 12:37:16.768932","1","4053","2","4","10","2"
"2298","4","30","2015-01-19 17:02:49.422688","1","4051","2","4","10","2"
"2317","4","30","2015-01-20 15:22:06.670449","1","4054","2","4","10","2"
"2305","4","30","2015-01-20 12:37:16.768932","1","4053","2","4","10","2"
"2329","4","30","2015-01-23 14:40:43.448707","1","4058","2","4","10","2"
"2323","4","30","2015-01-20 17:00:40.988137","1","4054","2","4","10","2"
"2338","1","30","2015-02-02 14:07:11.480982","1","4065","\N","1","10","2"
"1412","2","30","2014-02-28 12:20:59.644585","1","3711","1","2","10","2"
"1424","2","30","2014-03-31 12:22:33.281468","1","3742","1","2","10","2"
"1438","4","30","2014-05-08 09:25:38.268497","1","3786","2","4","10","2"
"1523","1","30","2014-05-13 12:45:27.288203","1","3803","\N","1","10","2"
"1585","4","30","2014-05-15 12:47:44.57989","1","3808","2","4","10","2"
"1658","2","30","2014-05-16 09:27:08.183078","1","3810","1","2","10","2"
"1586","4","30","2014-05-15 12:47:44.57989","1","3808","2","4","10","2"
"1666","1","30","2014-05-21 14:59:46.789583","1","3824","\N","1","10","2"
"1587","4","30","2014-05-15 12:47:44.57989","1","3808","2","4","10","2"
"1673","2","30","2014-06-02 15:32:44.297216","1","3840","1","2","10","2"
"1588","4","30","2014-05-15 12:47:44.57989","1","3808","2","4","10","2"
"1744","4","30","2014-08-18 11:07:46.343393","1","3912","2","4","10","2"
"1589","4","30","2014-05-15 12:47:44.57989","1","3808","2","4","10","2"
"1751","2","30","2014-09-30 12:26:02.899425","1","3945","1","2","10","2"
"1606","4","30","2014-05-15 12:48:47.888312","1","3808","2","4","10","2"
"1775","4","30","2014-10-10 07:38:48.383808","1","3955","2","4","10","2"
"1607","4","30","2014-05-15 12:48:47.888312","1","3808","2","4","10","2"
"1768","4","30","2014-10-08 16:33:33.589846","1","3953","2","4","10","2"
"1622","4","30","2014-05-15 12:50:23.732892","1","3808","2","4","10","2"
"1789","1","30","2014-11-06 16:23:17.076484","1","3980","\N","1","10","2"
"1623","4","30","2014-05-15 12:50:23.732892","1","3808","2","4","10","2"
"1782","2","30","2014-10-10 07:56:56.469945","1","3955","1","2","10","2"
"1636","4","30","2014-05-15 12:51:21.731228","1","3808","2","4","10","2"
"1803","4","30","2014-12-01 15:06:04.285998","1","3996","2","4","10","2"
"1637","4","30","2014-05-15 12:51:21.731228","1","3808","2","4","10","2"
"1824","2","30","2014-12-02 14:47:29.151978","1","3999","1","2","10","2"
"1638","4","30","2014-05-15 12:51:21.731228","1","3808","2","4","10","2"
"1869","4","30","2014-12-08 11:00:20.38595","1","4008","2","4","10","2"
"1644","4","30","2014-05-15 12:52:16.210507","1","3808","2","4","10","2"
"1949","4","30","2014-12-10 15:31:15.745474","1","4013","2","4","10","2"
"1911","4","30","2014-12-10 11:32:25.35072","1","4013","2","4","10","2"
"1966","4","30","2014-12-11 12:10:49.800542","1","4014","2","4","10","2"
"1917","4","30","2014-12-10 12:02:05.28605","1","4013","2","4","10","2"
"1990","4","30","2014-12-11 15:58:58.041091","1","4014","2","4","10","2"
"1972","4","30","2014-12-11 13:59:26.754606","1","4014","2","4","10","2"
"2002","4","30","2014-12-12 15:09:43.398491","1","4015","2","4","10","2"
"1978","4","30","2014-12-11 14:35:40.404787","1","4014","2","4","10","2"
"2014","4","30","2014-12-15 09:39:13.46216","1","4016","2","4","10","2"
"1984","4","30","2014-12-11 14:54:08.757762","1","4014","2","4","10","2"
"2008","4","30","2014-12-12 16:17:07.114187","1","4015","2","4","10","2"
"2028","4","30","2014-12-15 10:39:22.295576","1","4016","2","4","10","2"
"2059","4","30","2014-12-17 12:08:36.544449","1","4022","2","4","10","2"
"1377","4","30","2014-02-25 10:47:08.72228","1","3700","2","4","10","2"
"2034","4","30","2014-12-15 11:17:20.866446","1","4016","2","4","10","2"
"1392","2","30","2014-02-25 10:49:27.448982","1","3700","1","2","10","2"
"2065","2","30","2014-12-17 15:30:03.286658","1","4023","1","2","10","2"
"2040","4","30","2014-12-15 11:53:01.785256","1","4016","2","4","10","2"
"2086","4","30","2015-01-08 14:16:24.009691","1","4035","2","4","10","2"
"2118","4","30","2015-01-12 10:19:22.233894","1","4036","2","4","10","2"
"2130","4","30","2015-01-12 15:22:00.559246","1","4037","2","4","10","2"
"2124","4","30","2015-01-12 12:44:59.034668","1","4037","2","4","10","2"
"2156","4","30","2015-01-13 17:09:16.285499","1","4041","2","4","10","2"
"2136","4","30","2015-01-12 16:41:30.647225","1","4037","2","4","10","2"
"2168","4","30","2015-01-14 14:43:23.004821","1","4043","2","4","10","2"
"2142","4","30","2015-01-12 17:49:12.480441","1","4037","2","4","10","2"
"2162","4","30","2015-01-13 17:18:23.782195","1","4041","2","4","10","2"
"2187","4","30","2015-01-15 10:02:03.03636","1","4044","2","4","10","2"
"2180","1","30","2015-01-14 16:38:52.968494","1","4043","\N","1","10","2"
"2193","4","30","2015-01-15 10:34:01.303299","1","4044","2","4","10","2"
"2231","4","30","2015-01-16 11:20:16.761601","1","4047","2","4","10","2"
"2225","4","30","2015-01-16 09:15:51.920178","1","4046","2","4","10","2"
"2205","4","30","2015-01-15 14:32:05.431036","1","4044","2","4","10","2"
"1141","4","30","2014-02-24 12:56:01.463229","1","3696","2","4","10","2"
"1731","4","30","2014-06-24 09:44:44.281453","1","3856","2","4","10","2"
"1142","4","30","2014-02-24 12:56:01.463229","1","3696","2","4","10","2"
"2261","2","30","2015-01-16 16:06:32.583589","1","4048","1","2","10","2"
"1143","4","30","2014-02-24 12:56:01.463229","1","3696","2","4","10","2"
"1737","2","30","2014-06-24 11:08:17.960628","1","3856","1","2","10","2"
"1144","4","30","2014-02-24 12:56:01.463229","1","3696","2","4","10","2"
"2237","4","30","2015-01-16 12:17:41.901764","1","4047","2","4","10","2"
"1145","4","30","2014-02-24 12:56:01.463229","1","3696","2","4","10","2"
"2268","4","30","2015-01-19 09:58:37.678524","1","4049","2","4","10","2"
"1146","4","30","2014-02-24 12:56:01.463229","1","3696","2","4","10","2"
"2243","4","30","2015-01-16 13:14:10.814524","1","4048","2","4","10","2"
"1147","4","30","2014-02-24 12:56:01.463229","1","3696","2","4","10","2"
"2274","4","30","2015-01-19 12:07:17.763806","1","4049","2","4","10","2"
"1148","4","30","2014-02-24 12:56:01.463229","1","3696","2","4","10","2"
"2249","4","30","2015-01-16 13:54:44.128751","1","4048","2","4","10","2"
"1149","4","30","2014-02-24 12:56:01.463229","1","3696","2","4","10","2"
"2292","2","30","2015-01-19 16:12:51.311368","1","4051","1","2","10","2"
"1495","4","30","2014-05-12 09:38:52.373811","1","3791","2","4","10","2"
"2255","4","30","2015-01-16 14:45:29.149097","1","4048","2","4","10","2"
"1511","4","30","2014-05-12 09:44:10.378447","1","3791","2","4","10","2"
"2280","4","30","2015-01-19 12:39:20.430411","1","4049","2","4","10","2"
"1512","4","30","2014-05-12 09:44:10.378447","1","3791","2","4","10","2"
"2306","4","30","2015-01-20 12:44:51.991057","1","4053","2","4","10","2"
"1513","4","30","2014-05-12 09:44:10.378447","1","3791","2","4","10","2"
"2286","4","30","2015-01-19 14:17:07.758653","1","4050","2","4","10","2"
"2299","4","30","2015-01-19 17:30:04.619716","1","4051","2","4","10","2"
"2330","4","30","2015-01-23 14:51:52.448956","1","4058","2","4","10","2"
"2312","4","30","2015-01-20 14:55:42.354743","1","4054","2","4","10","2"
"2324","2","30","2015-01-20 17:00:46.316732","1","4054","1","2","10","2"
"2339","1","30","2015-02-02 14:48:30.566385","1","4065","\N","1","10","2"
"1413","1","30","2014-03-03 15:38:33.698621","1","3713","\N","1","10","2"
"1439","4","30","2014-05-08 09:28:26.428408","1","3786","2","4","10","2"
"1478","4","30","2014-05-12 09:37:44.73918","1","3791","2","4","10","2"
"1524","1","30","2014-05-14 08:56:09.125727","1","3805","\N","1","10","2"
"1479","4","30","2014-05-12 09:37:44.73918","1","3791","2","4","10","2"
"1590","4","30","2014-05-15 12:47:58.496436","1","3808","2","4","10","2"
"1496","4","30","2014-05-12 09:42:57.932628","1","3791","2","4","10","2"
"1659","4","30","2014-05-16 15:21:45.916827","1","3814","2","4","10","2"
"1497","4","30","2014-05-12 09:42:57.932628","1","3791","2","4","10","2"
"1591","4","30","2014-05-15 12:47:58.496436","1","3808","2","4","10","2"
"1514","4","30","2014-05-12 09:44:22.039531","1","3791","2","4","10","2"
"1667","2","30","2014-05-30 10:27:05.23633","1","3833","1","2","10","2"
"1515","4","30","2014-05-12 09:44:22.039531","1","3791","2","4","10","2"
"1592","4","30","2014-05-15 12:47:58.496436","1","3808","2","4","10","2"
"1516","4","30","2014-05-12 09:44:22.039531","1","3791","2","4","10","2"
"1660","4","30","2014-05-16 15:21:45.916827","1","3814","2","4","10","2"
"1593","4","30","2014-05-15 12:47:58.496436","1","3808","2","4","10","2"
"1762","4","30","2014-10-08 15:45:51.662329","1","3953","2","4","10","2"
"1608","4","30","2014-05-15 12:48:57.991345","1","3808","2","4","10","2"
"1790","1","30","2014-11-17 10:41:30.632791","1","3984","\N","1","10","2"
"1609","4","30","2014-05-15 12:48:57.991345","1","3808","2","4","10","2"
"1783","2","30","2014-10-10 09:56:53.329009","1","3956","1","2","10","2"
"1610","4","30","2014-05-15 12:48:57.991345","1","3808","2","4","10","2"
"1797","4","30","2014-12-01 14:21:41.693289","1","3996","2","4","10","2"
"1611","4","30","2014-05-15 12:48:57.991345","1","3808","2","4","10","2"
"1818","4","30","2014-12-02 11:46:48.317107","1","3998","2","4","10","2"
"1624","4","30","2014-05-15 12:50:35.727972","1","3808","2","4","10","2"
"1826","4","30","2014-12-02 15:44:33.2078","1","3999","2","4","10","2"
"1625","4","30","2014-05-15 12:50:35.727972","1","3808","2","4","10","2"
"1726","4","30","2014-06-24 09:44:09.6711","1","3856","2","4","10","2"
"1639","4","30","2014-05-15 12:51:35.943173","1","3808","2","4","10","2"
"1833","4","30","2014-12-04 12:56:22.86016","1","4003","2","4","10","2"
"1640","4","30","2014-05-15 12:51:35.943173","1","3808","2","4","10","2"
"1732","4","30","2014-06-24 09:44:49.327647","1","3856","2","4","10","2"
"1645","2","30","2014-05-15 14:21:26.962731","1","3809","1","2","10","2"
"1840","4","30","2014-12-04 15:34:48.142502","1","4004","2","4","10","2"
"1738","2","30","2014-06-24 11:49:12.868278","1","3856","1","2","10","2"
"1848","4","30","2014-12-08 08:47:20.747212","1","4008","2","4","10","2"
"1862","4","30","2014-12-08 10:20:54.837555","1","4008","2","4","10","2"
"1855","4","30","2014-12-08 09:18:08.218298","1","4008","2","4","10","2"
"1891","1","30","2014-12-08 15:46:45.320404","1","4010","\N","1","10","2"
"1898","4","30","2014-12-10 10:14:16.294317","1","4013","2","4","10","2"
"1378","4","30","2014-02-25 10:47:21.460394","1","3700","2","4","10","2"
"1877","4","30","2014-12-08 11:38:07.481205","1","4008","2","4","10","2"
"1379","4","30","2014-02-25 10:47:21.460394","1","3700","2","4","10","2"
"1186","4","30","2014-02-24 13:00:59.580039","1","3696","2","4","10","2"
"2015","4","30","2014-12-15 09:40:11.218799","1","4016","2","4","10","2"
"1187","4","30","2014-02-24 13:01:11.488146","1","3696","2","4","10","2"
"1884","4","30","2014-12-08 12:18:43.871084","1","4008","2","4","10","2"
"1188","4","30","2014-02-24 13:01:11.488146","1","3696","2","4","10","2"
"1905","4","30","2014-12-10 11:00:28.464198","1","4013","2","4","10","2"
"1189","4","30","2014-02-24 13:01:11.488146","1","3696","2","4","10","2"
"1956","4","30","2014-12-10 16:04:43.950368","1","4013","2","4","10","2"
"1190","4","30","2014-02-24 13:01:30.714171","1","3696","2","4","10","2"
"1912","4","30","2014-12-10 11:35:06.65299","1","4013","2","4","10","2"
"1191","4","30","2014-02-24 13:01:30.714171","1","3696","2","4","10","2"
"2072","4","30","2014-12-24 09:30:01.691354","1","4027","2","4","10","2"
"1192","4","30","2014-02-24 13:01:30.714171","1","3696","2","4","10","2"
"2112","4","30","2015-01-12 09:34:47.03407","1","4036","2","4","10","2"
"1193","4","30","2014-02-24 13:01:30.714171","1","3696","2","4","10","2"
"1924","4","30","2014-12-10 13:07:19.62855","1","4013","2","4","10","2"
"1194","4","30","2014-02-24 13:01:30.714171","1","3696","2","4","10","2"
"2100","4","30","2015-01-08 15:48:19.98117","1","4035","2","4","10","2"
"1930","4","30","2014-12-10 13:52:22.613135","1","4013","2","4","10","2"
"2047","4","30","2014-12-15 12:26:16.175209","1","4016","2","4","10","2"
"1936","4","30","2014-12-10 14:14:09.483706","1","4013","2","4","10","2"
"2119","4","30","2015-01-12 10:21:52.31336","1","4036","2","4","10","2"
"1942","4","30","2014-12-10 14:52:40.486112","1","4013","2","4","10","2"
"2106","4","30","2015-01-08 16:31:44.984285","1","4035","2","4","10","2"
"2150","4","30","2015-01-13 15:01:53.898141","1","4040","2","4","10","2"
"2125","4","30","2015-01-12 12:52:49.50783","1","4037","2","4","10","2"
"2175","4","30","2015-01-14 15:44:34.610367","1","4043","2","4","10","2"
"2181","4","30","2015-01-15 08:46:19.684172","1","4044","2","4","10","2"
"2212","4","30","2015-01-15 15:40:21.370004","1","4044","2","4","10","2"
"2194","2","30","2015-01-15 10:34:08.819025","1","4044","1","2","10","2"
"2219","4","30","2015-01-16 08:26:18.749951","1","4046","2","4","10","2"
"2200","4","30","2015-01-15 12:13:26.674123","1","4044","2","4","10","2"
"2262","4","30","2015-01-19 08:53:59.126998","1","4049","2","4","10","2"
"2206","2","30","2015-01-15 14:32:11.404736","1","4044","1","2","10","2"
"1203","4","30","2014-02-24 13:04:46.423289","1","3696","2","4","10","2"
"2226","4","30","2015-01-16 09:15:59.372534","1","4046","2","4","10","2"
"2331","4","30","2015-01-23 15:07:22.060617","1","4058","2","4","10","2"
"2300","4","30","2015-01-19 17:42:57.545255","1","4051","2","4","10","2"
"2287","2","30","2015-01-19 14:17:17.051352","1","4050","1","2","10","2"
"1359","4","30","2014-02-25 10:43:12.428435","1","3700","2","4","10","2"
"1414","1","30","2014-03-03 15:40:47.403915","1","3713","\N","1","10","2"
"1360","4","30","2014-02-25 10:43:12.428435","1","3700","2","4","10","2"
"1426","2","30","2014-03-31 13:22:42.365184","1","3742","1","2","10","2"
"1361","4","30","2014-02-25 10:43:12.428435","1","3700","2","4","10","2"
"1440","4","30","2014-05-08 09:32:09.911053","1","3786","2","4","10","2"
"1362","4","30","2014-02-25 10:43:12.428435","1","3700","2","4","10","2"
"1480","4","30","2014-05-12 09:37:59.885","1","3791","2","4","10","2"
"1363","4","30","2014-02-25 10:43:12.428435","1","3700","2","4","10","2"
"1661","2","30","2014-05-19 08:17:25.947466","1","3816","1","2","10","2"
"1380","4","30","2014-02-25 10:47:24.451952","1","3700","2","4","10","2"
"1481","4","30","2014-05-12 09:37:59.885","1","3791","2","4","10","2"
"1381","4","30","2014-02-25 10:47:24.451952","1","3700","2","4","10","2"
"1668","4","30","2014-06-02 13:45:32.804975","1","3840","2","4","10","2"
"1394","4","30","2014-02-25 15:04:30.718827","1","3705","2","4","10","2"
"1482","4","30","2014-05-12 09:37:59.885","1","3791","2","4","10","2"
"1675","1","30","2014-06-05 13:56:27.592376","1","3846","\N","1","10","2"
"1498","4","30","2014-05-12 09:43:07.938554","1","3791","2","4","10","2"
"1739","4","30","2014-06-25 09:29:32.635354","1","3858","2","4","10","2"
"1499","4","30","2014-05-12 09:43:07.938554","1","3791","2","4","10","2"
"1746","4","30","2014-08-18 11:17:53.318859","1","3912","2","4","10","2"
"1517","4","30","2014-05-12 09:44:32.663216","1","3791","2","4","10","2"
"1791","1","30","2014-11-25 15:57:01.729797","1","3992","\N","1","10","2"
"1770","4","30","2014-10-08 17:13:16.447503","1","3953","2","4","10","2"
"1805","4","30","2014-12-01 15:18:05.85306","1","3996","2","4","10","2"
"1812","4","30","2014-12-02 09:18:36.723598","1","3997","2","4","10","2"
"1727","4","30","2014-06-24 09:44:15.190852","1","3856","2","4","10","2"
"1849","4","30","2014-12-08 08:47:41.705933","1","4008","2","4","10","2"
"1892","1","30","2014-12-08 15:50:12.876218","1","4010","\N","1","10","2"
"1871","4","30","2014-12-08 11:07:15.424869","1","4008","2","4","10","2"
"1951","4","30","2014-12-10 15:40:21.408214","1","4013","2","4","10","2"
"1962","4","30","2014-12-11 10:50:58.094114","1","4014","2","4","10","2"
"1913","4","30","2014-12-10 11:35:08.729294","1","4013","2","4","10","2"
"1986","4","30","2014-12-11 15:09:13.126538","1","4014","2","4","10","2"
"1919","4","30","2014-12-10 12:10:08.562765","1","4013","2","4","10","2"
"1968","4","30","2014-12-11 13:11:37.780401","1","4014","2","4","10","2"
"1998","4","30","2014-12-12 14:14:37.686086","1","4015","2","4","10","2"
"1974","4","30","2014-12-11 14:10:02.034102","1","4014","2","4","10","2"
"1992","4","30","2014-12-11 16:15:23.357324","1","4014","2","4","10","2"
"1980","4","30","2014-12-11 14:51:39.87148","1","4014","2","4","10","2"
"2004","4","30","2014-12-12 15:21:37.774508","1","4015","2","4","10","2"
"2067","4","30","2014-12-17 16:21:44.32182","1","4023","2","4","10","2"
"2010","4","30","2014-12-12 16:25:03.749429","1","4015","2","4","10","2"
"2030","4","30","2014-12-15 10:53:52.506184","1","4016","2","4","10","2"
"2061","4","30","2014-12-17 12:24:53.675143","1","4022","2","4","10","2"
"2036","4","30","2014-12-15 11:31:46.587576","1","4016","2","4","10","2"
"2088","4","30","2015-01-08 14:31:42.802731","1","4035","2","4","10","2"
"2042","4","30","2014-12-15 12:10:01.596536","1","4016","2","4","10","2"
"2132","4","30","2015-01-12 16:15:23.112983","1","4037","2","4","10","2"
"2164","4","30","2015-01-14 14:08:56.368313","1","4043","2","4","10","2"
"2138","4","30","2015-01-12 17:32:07.544716","1","4037","2","4","10","2"
"2189","4","30","2015-01-15 10:14:04.146354","1","4044","2","4","10","2"
"2170","4","30","2015-01-14 14:50:39.055568","1","4043","2","4","10","2"
"2233","4","30","2015-01-16 11:30:50.27057","1","4047","2","4","10","2"
"2257","4","30","2015-01-16 15:07:31.009306","1","4048","2","4","10","2"
"2239","4","30","2015-01-16 12:29:45.037119","1","4047","2","4","10","2"
"2270","4","30","2015-01-19 11:43:15.82356","1","4049","2","4","10","2"
"2245","4","30","2015-01-16 13:19:54.214688","1","4048","2","4","10","2"
"2301","4","30","2015-01-20 08:52:44.902507","1","4052","2","4","10","2"
"2251","4","30","2015-01-16 14:08:34.288859","1","4048","2","4","10","2"
"2276","4","30","2015-01-19 12:17:02.860534","1","4049","2","4","10","2"
"2308","4","30","2015-01-20 14:36:10.441719","1","4054","2","4","10","2"
"2282","4","30","2015-01-19 13:56:56.255385","1","4050","2","4","10","2"
"2314","4","30","2015-01-20 15:06:07.386734","1","4054","2","4","10","2"
"2332","4","30","2015-01-23 15:19:07.261336","1","4058","2","4","10","2"
"2320","2","30","2015-01-20 16:26:17.616919","1","4054","1","2","10","2"
"2326","4","30","2015-01-20 17:20:03.128047","1","4054","2","4","10","2"
"1252","4","30","2014-02-24 13:12:42.621448","1","3696","2","4","10","2"
"1253","4","30","2014-02-24 13:12:42.621448","1","3696","2","4","10","2"
"1254","4","30","2014-02-24 13:12:42.621448","1","3696","2","4","10","2"
"1255","4","30","2014-02-24 13:12:58.53725","1","3696","2","4","10","2"
"1256","4","30","2014-02-24 13:12:58.53725","1","3696","2","4","10","2"
"1257","4","30","2014-02-24 13:13:01.483471","1","3696","2","4","10","2"
"1258","4","30","2014-02-24 13:13:01.483471","1","3696","2","4","10","2"
"1259","4","30","2014-02-24 13:15:54.594143","1","3696","2","4","10","2"
"1260","4","30","2014-02-24 13:15:54.594143","1","3696","2","4","10","2"
"1261","4","30","2014-02-24 13:16:23.363004","1","3696","2","4","10","2"
"1262","4","30","2014-02-24 13:16:23.363004","1","3696","2","4","10","2"
"1594","4","30","2014-05-15 12:48:12.019396","1","3808","2","4","10","2"
"1364","4","30","2014-02-25 10:43:19.578779","1","3700","2","4","10","2"
"1271","4","30","2014-02-24 13:17:12.55603","1","3696","2","4","10","2"
"1415","1","30","2014-03-03 16:20:28.489864","1","3713","\N","1","10","2"
"1272","4","30","2014-02-24 13:17:51.219603","1","3696","2","4","10","2"
"1365","4","30","2014-02-25 10:43:19.578779","1","3700","2","4","10","2"
"1273","4","30","2014-02-24 13:17:51.219603","1","3696","2","4","10","2"
"1418","2","30","2014-03-14 12:49:48.782102","1","3723","1","2","10","2"
"1274","4","30","2014-02-24 13:17:51.219603","1","3696","2","4","10","2"
"1366","4","30","2014-02-25 10:43:19.578779","1","3700","2","4","10","2"
"1275","4","30","2014-02-24 13:17:51.219603","1","3696","2","4","10","2"
"1427","1","30","2014-04-01 14:37:34.385948","1","3744","\N","1","10","2"
"1276","4","30","2014-02-24 13:17:51.219603","1","3696","2","4","10","2"
"1367","4","30","2014-02-25 10:43:19.578779","1","3700","2","4","10","2"
"1277","4","30","2014-02-24 13:17:51.219603","1","3696","2","4","10","2"
"1419","1","30","2014-03-14 15:26:09.771476","1","3724","\N","1","10","2"
"1278","4","30","2014-02-24 13:17:59.756095","1","3696","2","4","10","2"
"1368","4","30","2014-02-25 10:43:19.578779","1","3700","2","4","10","2"
"1279","4","30","2014-02-24 13:17:59.756095","1","3696","2","4","10","2"
"1434","4","30","2014-05-07 13:41:38.027389","1","3785","2","4","10","2"
"1280","4","30","2014-02-24 13:17:59.756095","1","3696","2","4","10","2"
"1441","4","30","2014-05-08 09:33:10.988752","1","3786","2","4","10","2"
"1281","4","30","2014-02-24 13:17:59.756095","1","3696","2","4","10","2"
"1483","4","30","2014-05-12 09:38:04.688339","1","3791","2","4","10","2"
"1282","4","30","2014-02-24 13:17:59.756095","1","3696","2","4","10","2"
"1662","1","30","2014-05-21 13:45:07.587524","1","3824","\N","1","10","2"
"1283","4","30","2014-02-24 13:17:59.756095","1","3696","2","4","10","2"
"1484","4","30","2014-05-12 09:38:04.688339","1","3791","2","4","10","2"
"1284","4","30","2014-02-24 13:31:50.021319","1","3696","2","4","10","2"
"1676","1","30","2014-06-05 14:25:15.507637","1","3846","\N","1","10","2"
"1285","4","30","2014-02-24 13:35:33.658388","1","3696","2","4","10","2"
"1485","4","30","2014-05-12 09:38:04.688339","1","3791","2","4","10","2"
"1286","4","30","2014-02-24 13:39:24.374935","1","3696","2","4","10","2"
"1395","2","30","2014-02-25 15:07:26.573521","1","3705","1","2","10","2"
"1287","4","30","2014-02-24 13:54:43.243411","1","3696","2","4","10","2"
"1705","4","30","2014-06-24 09:32:53.26137","1","3856","2","4","10","2"
"1288","4","30","2014-02-24 14:12:37.598657","1","3696","2","4","10","2"
"1500","4","30","2014-05-12 09:43:16.662729","1","3791","2","4","10","2"
"1289","4","30","2014-02-24 14:39:30.401274","1","3696","2","4","10","2"
"1740","1","30","2014-06-30 19:31:37.128551","1","3872","\N","1","10","2"
"1290","4","30","2014-02-24 15:34:42.753772","1","3696","2","4","10","2"
"1501","4","30","2014-05-12 09:43:16.662729","1","3791","2","4","10","2"
"1291","4","30","2014-02-24 15:38:12.024871","1","3696","2","4","10","2"
"1706","4","30","2014-06-24 09:32:53.26137","1","3856","2","4","10","2"
"1292","4","30","2014-02-24 15:47:48.362486","1","3696","2","4","10","2"
"1518","4","30","2014-05-12 09:44:45.341529","1","3791","2","4","10","2"
"1293","4","30","2014-02-24 15:50:21.695668","1","3696","2","4","10","2"
"1595","4","30","2014-05-15 12:48:12.019396","1","3808","2","4","10","2"
"1294","1","30","2014-02-24 16:20:56.049809","1","3698","\N","1","10","2"
"1519","4","30","2014-05-12 09:44:45.341529","1","3791","2","4","10","2"
"1747","2","30","2014-08-18 11:18:04.507562","1","3912","1","2","10","2"
"1596","4","30","2014-05-15 12:48:12.019396","1","3808","2","4","10","2"
"1707","4","30","2014-06-24 09:32:53.26137","1","3856","2","4","10","2"
"1597","4","30","2014-05-15 12:48:12.019396","1","3808","2","4","10","2"
"1753","1","30","2014-10-08 13:07:07.575557","1","3951","\N","1","10","2"
"1708","4","30","2014-06-24 09:32:53.26137","1","3856","2","4","10","2"
"1778","4","30","2014-10-10 07:51:27.276423","1","3955","2","4","10","2"
"1709","4","30","2014-06-24 09:32:53.26137","1","3856","2","4","10","2"
"1785","1","30","2014-10-20 13:30:38.20887","1","3965","\N","1","10","2"
"1728","4","30","2014-06-24 09:44:20.92041","1","3856","2","4","10","2"
"1820","4","30","2014-12-02 12:43:22.95178","1","3998","2","4","10","2"
"1734","4","30","2014-06-24 09:58:38.525625","1","3856","2","4","10","2"
"1756","4","30","2014-10-08 14:48:11.662248","1","3953","2","4","10","2"
"1799","4","30","2014-12-01 14:35:11.062201","1","3996","2","4","10","2"
"1864","4","30","2014-12-08 10:34:54.904365","1","4008","2","4","10","2"
"1835","4","30","2014-12-04 14:37:40.069162","1","4004","2","4","10","2"
"1857","4","30","2014-12-08 09:25:26.347001","1","4008","2","4","10","2"
"1626","4","30","2014-05-15 12:50:51.266552","1","3808","2","4","10","2"
"1893","1","30","2014-12-08 15:53:53.956859","1","4010","\N","1","10","2"
"1627","4","30","2014-05-15 12:50:51.266552","1","3808","2","4","10","2"
"2017","4","30","2014-12-15 09:50:37.926213","1","4016","2","4","10","2"
"1628","4","30","2014-05-15 12:50:51.266552","1","3808","2","4","10","2"
"1879","4","30","2014-12-08 11:45:14.597741","1","4008","2","4","10","2"
"1641","4","30","2014-05-15 12:51:54.359922","1","3808","2","4","10","2"
"1907","4","30","2014-12-10 11:09:27.970414","1","4013","2","4","10","2"
"1886","4","30","2014-12-08 12:30:03.554917","1","4008","2","4","10","2"
"2024","4","30","2014-12-15 10:19:30.922802","1","4016","2","4","10","2"
"1887","4","30","2014-12-08 12:30:03.554917","1","4008","2","4","10","2"
"2055","4","30","2014-12-17 11:45:53.184024","1","4022","2","4","10","2"
"2074","4","30","2014-12-24 09:45:35.175517","1","4027","2","4","10","2"
"1926","4","30","2014-12-10 13:19:54.395064","1","4013","2","4","10","2"
"1952","4","30","2014-12-10 15:40:57.917536","1","4013","2","4","10","2"
"1932","4","30","2014-12-10 13:58:08.810046","1","4013","2","4","10","2"
"2062","2","30","2014-12-17 12:25:07.281019","1","4022","1","2","10","2"
"1938","4","30","2014-12-10 14:34:45.906736","1","4013","2","4","10","2"
"2095","4","30","2015-01-08 15:06:13.703925","1","4035","2","4","10","2"
"2049","4","30","2014-12-15 14:18:56.170041","1","4018","2","4","10","2"
"2114","4","30","2015-01-12 09:44:05.934191","1","4036","2","4","10","2"
"2102","4","30","2015-01-08 15:56:15.82868","1","4035","2","4","10","2"
"2145","4","30","2015-01-13 12:51:10.17566","1","4039","2","4","10","2"
"2108","4","30","2015-01-08 16:53:15.201018","1","4035","2","4","10","2"
"2152","4","30","2015-01-13 15:20:27.155766","1","4040","2","4","10","2"
"2177","4","30","2015-01-14 15:57:47.851307","1","4043","2","4","10","2"
"2183","4","30","2015-01-15 09:30:40.032763","1","4044","2","4","10","2"
"2214","4","30","2015-01-15 16:33:13.496478","1","4044","2","4","10","2"
"2196","4","30","2015-01-15 10:55:17.088909","1","4044","2","4","10","2"
"2221","4","30","2015-01-16 08:42:42.875183","1","4046","2","4","10","2"
"2228","2","30","2015-01-16 10:31:56.640217","1","4047","1","2","10","2"
"2208","4","30","2015-01-15 14:48:24.824444","1","4044","2","4","10","2"
"2264","4","30","2015-01-19 09:07:53.153937","1","4049","2","4","10","2"
"2295","4","30","2015-01-19 16:34:53.592602","1","4051","2","4","10","2"
"2302","4","30","2015-01-20 09:06:47.857355","1","4052","2","4","10","2"
"2333","4","30","2015-01-23 15:30:43.781544","1","4058","2","4","10","2"
"2289","4","30","2015-01-19 14:38:08.695419","1","4050","2","4","10","2"
"2335","1","30","2015-01-27 16:40:51.438431","1","4062","\N","1","10","2"
"2327","4","30","2015-01-20 17:32:32.168828","1","4054","2","4","10","2"
"2336","1","30","2015-01-27 16:42:37.717649","1","4062","\N","1","10","2"
